"Country";"Year";"GDP"
"AFGHANISTAN";2004;5586984095,88191
"ALBANIA";2004;7177030364,86201
"ALGERIA";2004;85332517816,5892
"ANDORRA";2004;2935786879,24109
"ANGOLA";2004;23552045850,3415
"ANGUILLA";2004;201174074,074074
"ANTIGUA AND BARBUDA";2004;913710360,740741
"ARGENTINA";2004;165947750429,253
"ARMENIA";2004;3814176693,63093
"ARUBA";2004;2228273743,01676
"AUSTRALIA";2004;678012358866,779
"AUSTRIA";2004;299870270001,8
"AZERBAIJAN";2004;8680410157,5717
"BAHAMAS";2004;7094413009
"BAHRAIN";2004;13150166877,6596
"BANGLADESH";2004;55949962465,9684
"BARBADOS";2004;3514350000
"BELARUS";2004;23141593073,9738
"BELGIUM";2004;370901392536,303
"BELIZE";2004;1057845487
"BENIN";2004;4521331974,58834
"BERMUDA";2004;4484702566
"BHUTAN";2004;702736806,517719
"BOLIVIA (PLURINATIONAL STATE OF)";2004;8773156956,08347
"BOSNIA AND HERZEGOVINA";2004;10412151950,555
"BOTSWANA";2004;8957511538,33124
"BRAZIL";2004;669289321941,033
"BRITISH VIRGIN ISLANDS";2004;7,46e+08
"BRUNEI DARUSSALAM";2004;8722767581,89475
"BULGARIA";2004;26094474842,4011
"BURKINA FASO";2004;4838551014,48553
"BURUNDI";2004;679885548,187846
"CABO VERDE";2004;1051195104,27298
"CAMBODIA";2004;5337889822,59571
"CAMEROON";2004;15775356736,704
"CANADA";2004;1023180929309,91
"CAYMAN ISLANDS";2004;2661723496,09398
"CENTRAL AFRICAN REPUBLIC";2004;1328871606,15798
"CHAD";2004;5021656322,80824
"CHILE";2004;99333268798,4513
"CHINA";2004;1966244002689,85
"CHINA, HONG KONG SAR";2004;169099768875,193
"CHINA, MACAO SAR";2004;10585663047,8036
"COLOMBIA";2004;117081522238,324
"COMOROS";2004;756924994,647799
"CONGO";2004;4648628839,49057
"COOK ISLANDS";2004;178476573,691405
"COSTA RICA";2004;18528743975,3685
"CÔTE D'IVOIRE";2004;16554517271,669
"CROATIA";2004;41574252077,9127
"CUBA";2004;38203400000
"CYPRUS";2004;17306279489,5586
"CZECH REPUBLIC";2004;118976254632,827
"D.P.R. OF KOREA";2004;1,1168e+10
"D.R. OF THE CONGO";2004;10297495081,8359
"DENMARK";2004;251374854853,095
"DJIBOUTI";2004;666212771,703963
"DOMINICA";2004;374762962,962963
"DOMINICAN REPUBLIC";2004;22233034287,2492
"ECUADOR";2004;36591661000
"EGYPT";2004;79187405117,9411
"EL SALVADOR";2004;15798286860
"EQUATORIAL GUINEA";2004;5620779669,04338
"ERITREA";2004;1109054002,39347
"ESTONIA";2004;12059152808,4618
"ETHIOPIA";2004;9935634535,40101
"FIJI";2004;2761587375,86197
"FINLAND";2004;196776616813,495
"FORMER NETHERLANDS ANTILLES";2004;3103576388,82682
"FRANCE";2004;2124204553215
"FRENCH POLYNESIA";2004;5553092212,7468
"GABON";2004;7844136206,47483
"GAMBIA";2004;578786272,654367
"GEORGIA";2004;5125766311,0114
"GERMANY";2004;2819367615925,7
"GHANA";2004;14233338926,8055
"GREECE";2004;240531713635,432
"GREENLAND";2004;1619079995,34862
"GRENADA";2004;602262962,962963
"GUATEMALA";2004;23965288357,6881
"GUINEA";2004;5028105060,97814
"GUINEA-BISSAU";2004;531109346,810712
"GUYANA";2004;1256329196,40457
"HAITI";2004;3660483885,68707
"HONDURAS";2004;8870978910,7012
"HUNGARY";2004;103694510779,095
"ICELAND";2004;13703321856,8206
"INDIA";2004;693726290422,025
"INDONESIA";2004;273460976841,454
"IRAN (ISLAMIC REPUBLIC OF)";2004;183697182466,675
"IRAQ";2004;26193078458,362
"IRELAND";2004;193879759860,436
"ISRAEL";2004;135365506044,571
"ITALY";2004;1798392907687,82
"JAMAICA";2004;10174661927,9967
"JAPAN";2004;4815168028753,18
"JORDAN";2004;11411269393,512
"KAZAKHSTAN";2004;43151644797,2948
"KENYA";2004;18471265254,2474
"KIRIBATI";2004;102370593,913231
"KOSOVO";2004;3562686651,39409
"KUWAIT";2004;59436715303,6987
"KYRGYZSTAN";2004;2212211700,95387
"LAO PEOPLE'S DR";2004;2376062444,64651
"LATVIA";2004;14373591123,3319
"LEBANON";2004;21145605306,7993
"LESOTHO";2004;1234219558,43873
"LIBERIA";2004;5,27e+08
"LIBYA";2004;33292748663,8984
"LIECHTENSTEIN";2004;3859510486,76614
"LITHUANIA";2004;22646695836,5652
"LUXEMBOURG";2004;34345296852,9797
"MADAGASCAR";2004;4363934416,54765
"MALAWI";2004;3476332983,13146
"MALAYSIA";2004;124749473684,211
"MALDIVES";2004;1202240024,375
"MALI";2004;5444474172,52809
"MALTA";2004;6043974062,11978
"MARSHALL ISLANDS";2004;131297387
"MAURITANIA";2004;1889115069,46615
"MAURITIUS";2004;6578827585,24551
"MEXICO";2004;770005286801,603
"MICRONESIA (FS OF)";2004;240564000
"MONACO";2004;4051499372,33428
"MONGOLIA";2004;2309761848,5587
"MONTENEGRO";2004;2086994700,53951
"MONTSERRAT";2004;44088888,8888889
"MOROCCO";2004;59838117182,4591
"MOZAMBIQUE";2004;6831796074,12624
"MYANMAR";2004;10253849223,5294
"NAMIBIA";2004;6480449278,9711
"NAURU";2004;27622673,979272
"NEPAL";2004;7285500155,89031
"NETHERLANDS";2004;650560925791,411
"NEW CALEDONIA";2004;5884445335,53198
"NEW ZEALAND";2004;102445097579,018
"NICARAGUA";2004;5792932741,56777
"NIGER";2004;2897005503,55294
"NIGERIA";2004;141260658979,761
"NORWAY";2004;264356187415,008
"OMAN";2004;24763713001,3004
"PAKISTAN";2004;104351933421,812
"PALAU";2004;163850000
"PANAMA";2004;14179300000
"PAPUA NEW GUINEA";2004;6276112897,70193
"PARAGUAY";2004;8033880889,48549
"PERU";2004;66780929779,4575
"PHILIPPINES";2004;91371215321,4123
"POLAND";2004;255099292121,289
"PORTUGAL";2004;189195659111,086
"PUERTO RICO";2004;80322300000
"QATAR";2004;31354933408,2418
"REPUBLIC OF KOREA";2004;764881201237,21
"REPUBLIC OF MOLDOVA";2004;2597932934,38752
"ROMANIA";2004;76217572098,7005
"RUSSIAN FEDERATION";2004;590939943075,911
"RWANDA";2004;2088496218,85675
"SAINT KITTS AND NEVIS";2004;502561267,037037
"SAINT LUCIA";2004;885240740,740741
"SAMOA";2004;384794216,209942
"SAN MARINO";2004;1941931806,07551
"SAO TOME AND PRINCIPE";2004;105361123,554411
"SAUDI ARABIA";2004;258742064000
"SENEGAL";2004;8031344239,66834
"SERBIA";2004;24861482477,3301
"SEYCHELLES";2004;839327272,727273
"SIERRA LEONE";2004;1448538418,3502
"SINGAPORE";2004;114186643421,944
"SLOVAKIA";2004;43056024751,3427
"SLOVENIA";2004;34470562039,0822
"SOLOMON ISLANDS";2004;363512771,3585
"SOMALIA";2004;1984459845,27022
"SOUTH AFRICA";2004;228590292804,185
"SPAIN";2004;1069601981710,16
"SRI LANKA";2004;23646374864,0087
"ST. VINCENT AND THE GRENADINES";2004;521974074,074074
"STATE OF PALESTINE";2004;4329200000
"SUDAN (FORMER)";2004;26646006923,8673
"SURINAME";2004;1805680925,03734
"SWAZILAND";2004;2761924897,66347
"SWEDEN";2004;381706117842,793
"SWITZERLAND";2004;393543012567,392
"SYRIAN ARAB REPUBLIC";2004;24545808576,5952
"TAJIKISTAN";2004;2076109307,89062
"TFYR OF MACEDONIA";2004;5682784433,35955
"THAILAND";2004;172895635785,756
"TIMOR-LESTE";2004;1105766485
"TOGO";2004;1936854832,30933
"TONGA";2004;237983797,236551
"TRINIDAD AND TOBAGO";2004;13280300153,8606
"TUNISIA";2004;31183951432,3948
"TURKEY";2004;392156028122,029
"TURKMENISTAN";2004;12154616683,7283
"TURKS AND CAICOS ISLANDS";2004;485598806
"TUVALU";2004;21620560,3593301
"U.R. OF TANZANIA: MAINLAND";2004;16390379737,4008
"UGANDA";2004;9372045295,63912
"UKRAINE";2004;67217871022,9934
"UNITED ARAB EMIRATES";2004;147824249958,067
"UNITED KINGDOM";2004;2389091508293,97
"UNITED STATES OF AMERICA";2004;1,2274928e+13
"URUGUAY";2004;13686372968,9053
"UZBEKISTAN";2004;12086650072,7013
"VANUATU";2004;364996869,129618
"VENEZUELA (BOLIVARIAN REPUBLIC OF)";2004;112451357067,325
"VIET NAM";2004;49494347770,8624
"YEMEN";2004;15616652724,5013
"ZAMBIA";2004;6221108021,43626
"ZANZIBAR";2004;395453680,244543
"ZIMBABWE";2004;6419590000
"AFGHANISTAN";2005;6621833827,41925
"ALBANIA";2005;8052079314,495
"ALGERIA";2005;103198216067,335
"ANDORRA";2005;3255708103,26817
"ANGOLA";2005;36970878078,6716
"ANGUILLA";2005;229114814,814815
"ANTIGUA AND BARBUDA";2005;1014979675,55556
"ARGENTINA";2005;201387839742,118
"ARMENIA";2005;5225971849,50271
"ARUBA";2005;2331005586,59218
"AUSTRALIA";2005;761782599620,204
"AUSTRIA";2005;314641160523,305
"AZERBAIJAN";2005;13245421880,834
"BAHAMAS";2005;7706221927
"BAHRAIN";2005;15968726805,8511
"BANGLADESH";2005;57628097480,8975
"BARBADOS";2005;3897300000
"BELARUS";2005;30210091836,8294
"BELGIUM";2005;387356364721,683
"BELIZE";2005;1114222545,5
"BENIN";2005;4803672097,34709
"BERMUDA";2005;4868135685
"BHUTAN";2005;818869610,016786
"BOLIVIA (PLURINATIONAL STATE OF)";2005;9549120156,21004
"BOSNIA AND HERZEGOVINA";2005;11224981149,237
"BOTSWANA";2005;9931249181,99738
"BRAZIL";2005;891633826591,642
"BRITISH VIRGIN ISLANDS";2005;8,7e+08
"BRUNEI DARUSSALAM";2005;10561292508,5504
"BULGARIA";2005;29821031043,5372
"BURKINA FASO";2005;5462709054,77989
"BURUNDI";2005;1117113080,08074
"CABO VERDE";2005;1105394035,37728
"CAMBODIA";2005;6293048259,01038
"CAMEROON";2005;16587857509,535
"CANADA";2005;1169393363390,54
"CAYMAN ISLANDS";2005;3041763919,45568
"CENTRAL AFRICAN REPUBLIC";2005;1412805702,32665
"CHAD";2005;6680615782,83581
"CHILE";2005;123056032393,045
"CHINA";2005;2308800205020,15
"CHINA, HONG KONG SAR";2005;181569303960,226
"CHINA, MACAO SAR";2005;12092275501,2533
"COLOMBIA";2005;146566266310,57
"COMOROS";2005;782072168,378342
"CONGO";2005;6086924578,37194
"COOK ISLANDS";2005;182557577,058492
"COSTA RICA";2005;19952154756,9697
"CÔTE D'IVOIRE";2005;17084937019,0942
"CROATIA";2005;45416093489,7491
"CUBA";2005;42643600000
"CURAÇAO";2005;2344637262,01117
"CYPRUS";2005;18693510310,0139
"CZECH REPUBLIC";2005;135990121361,165
"D.P.R. OF KOREA";2005;13031196789,6441
"D.R. OF THE CONGO";2005;11964558311,519
"DENMARK";2005;264466867103,225
"DJIBOUTI";2005;708633194,726566
"DOMINICA";2005;370414814,814815
"DOMINICAN REPUBLIC";2005;35510401477,6903
"ECUADOR";2005;41507085000
"EGYPT";2005;94456321806,593
"EL SALVADOR";2005;17093794094
"EQUATORIAL GUINEA";2005;8519677076,22515
"ERITREA";2005;1098424708,64084
"ESTONIA";2005;14003466534,6165
"ETHIOPIA";2005;12163585016,1495
"FIJI";2005;2980685712,7087
"FINLAND";2005;204430930706,86
"FORMER NETHERLANDS ANTILLES";2005;3052592078,77095
"FRANCE";2005;2203623837238,22
"FRENCH POLYNESIA";2005;5702783145,98018
"GABON";2005;9578972813,02282
"GAMBIA";2005;624172511,819593
"GEORGIA";2005;6410912049,87105
"GERMANY";2005;2861339103616,38
"GHANA";2005;17198887259,1213
"GREECE";2005;247776839075,014
"GREENLAND";2005;1649849672,58138
"GRENADA";2005;700511111,111111
"GUATEMALA";2005;27211219670,8277
"GUINEA";2005;4063116991,79539
"GUINEA-BISSAU";2005;586795627,757727
"GUYANA";2005;1315438530,21138
"HAITI";2005;4154289832,39201
"HONDURAS";2005;9757044729,34637
"HUNGARY";2005;112589039620,207
"ICELAND";2005;16691222313,3716
"INDIA";2005;812058878296,099
"INDONESIA";2005;304371851840,204
"IRAN (ISLAMIC REPUBLIC OF)";2005;219845971781,758
"IRAQ";2005;36267954211,9565
"IRELAND";2005;211679560264,637
"ISRAEL";2005;142462446019,119
"ITALY";2005;1852615856837,29
"JAMAICA";2005;11243859050,4093
"JAPAN";2005;4755410127548,95
"JORDAN";2005;12588665685,4725
"KAZAKHSTAN";2005;57123675496,6887
"KENYA";2005;21505531868,978
"KIRIBATI";2005;112136214,814098
"KOSOVO";2005;3679716666,66667
"KUWAIT";2005;80797945205,4795
"KYRGYZSTAN";2005;2460246796,05234
"LAO PEOPLE'S DR";2005;2716783866,98159
"LATVIA";2005;16922094924,0528
"LEBANON";2005;21489883913,7645
"LESOTHO";2005;1368346496,9702
"LIBERIA";2005;6,08e+08
"LIBYA";2005;45451480854,0929
"LIECHTENSTEIN";2005;4087416052,87603
"LITHUANIA";2005;26141406775,6061
"LUXEMBOURG";2005;36976446301,547
"MADAGASCAR";2005;5038577052,80053
"MALAWI";2005;3655893805,43179
"MALAYSIA";2005;143534418452,154
"MALDIVES";2005;1119806501,95312
"MALI";2005;6245031182,858
"MALTA";2005;6393114586,28192
"MARSHALL ISLANDS";2005;137796159
"MAURITANIA";2005;2184444848,94895
"MAURITIUS";2005;6488726809,18581
"MEXICO";2005;864809661195,935
"MICRONESIA (FS OF)";2005;250644000
"MONACO";2005;4202975923,99144
"MONGOLIA";2005;2925958656,03942
"MONTENEGRO";2005;2272000343,23235
"MONTSERRAT";2005;48874074,0740741
"MOROCCO";2005;62544742027,5033
"MOZAMBIQUE";2005;7723857918,52162
"MYANMAR";2005;11930828613,0442
"NAMIBIA";2005;7121360216,71052
"NAURU";2005;26293013,4761558
"NEPAL";2005;8258829299,05069
"NETHERLANDS";2005;678516888026,663
"NEW CALEDONIA";2005;6236147011,85411
"NEW ZEALAND";2005;114720865366,595
"NICARAGUA";2005;6321324476,26503
"NIGER";2005;3369007254,9823
"NIGERIA";2005;180502013566,854
"NORWAY";2005;308722079937,912
"OMAN";2005;31081991724,3173
"PAKISTAN";2005;117708404551,716
"PALAU";2005;179900000
"PANAMA";2005;15464700000
"PAPUA NEW GUINEA";2005;7312284811,81822
"PARAGUAY";2005;8734653762,36756
"PERU";2005;76080414461,6575
"PHILIPPINES";2005;103071597717,911
"POLAND";2005;306126750768,819
"PORTUGAL";2005;197299605780,232
"PUERTO RICO";2005;83914500000
"QATAR";2005;43998342200
"REPUBLIC OF KOREA";2005;898137223949,094
"REPUBLIC OF MOLDOVA";2005;2988332509,89613
"ROMANIA";2005;99699237823,9483
"RUSSIAN FEDERATION";2005;764015982496,632
"RWANDA";2005;2581465675,18193
"SAINT KITTS AND NEVIS";2005;543166187,777778
"SAINT LUCIA";2005;935462962,962963
"SAMOA";2005;434260694,272484
"SAN MARINO";2005;2027428774,31229
"SAO TOME AND PRINCIPE";2005;126193762,431169
"SAUDI ARABIA";2005;328461149783,165
"SENEGAL";2005;8707815258,69184
"SERBIA";2005;26252004013,0723
"SEYCHELLES";2005;919109090,909091
"SIERRA LEONE";2005;1650494367,00325
"SINGAPORE";2005;127417879442,861
"SINT MAARTEN (DUTCH PART)";2005;707954816,759776
"SLOVAKIA";2005;48964885562,2738
"SLOVENIA";2005;36344909754,2455
"SOLOMON ISLANDS";2005;429476033,571024
"SOMALIA";2005;2315547905,90935
"SOUTH AFRICA";2005;257771562353,152
"SPAIN";2005;1157247674476,45
"SRI LANKA";2005;27931971937,5721
"ST. VINCENT AND THE GRENADINES";2005;550729629,629629
"STATE OF PALESTINE";2005;4831800000
"SUDAN (FORMER)";2005;35182655040,4171
"SURINAME";2005;2193049196,33923
"SWAZILAND";2005;3106889813,88758
"SWEDEN";2005;389042905733,083
"SWITZERLAND";2005;407543292866,608
"SYRIAN ARAB REPUBLIC";2005;28396996496,9604
"TAJIKISTAN";2005;2312320181,39619
"TFYR OF MACEDONIA";2005;6258602830,34852
"THAILAND";2005;189318382624,787
"TIMOR-LESTE";2005;1849851325
"TOGO";2005;2110217107,42943
"TONGA";2005;261549422,275444
"TRINIDAD AND TOBAGO";2005;15982390299,8491
"TUNISIA";2005;32272176864,3219
"TURKEY";2005;482985911161,816
"TURKMENISTAN";2005;14181714533,3073
"TURKS AND CAICOS ISLANDS";2005;578645758
"TUVALU";2005;21897139,3079151
"U.R. OF TANZANIA: MAINLAND";2005;18072274282,4289
"UGANDA";2005;11154359655,6644
"UKRAINE";2005;89238865118,5263
"UNITED ARAB EMIRATES";2005;180617467954,255
"UNITED KINGDOM";2005;2508111236700,72
"UNITED STATES OF AMERICA";2005;1,3093726e+13
"URUGUAY";2005;17362839378,069
"UZBEKISTAN";2005;14395942512,9057
"VANUATU";2005;394962431,82425
"VENEZUELA (BOLIVARIAN REPUBLIC OF)";2005;145513578179,208
"VIET NAM";2005;57633255739,4105
"YEMEN";2005;19041162981,9634
"ZAMBIA";2005;8331863429,42397
"ZANZIBAR";2005;437575646,152129
"ZIMBABWE";2005;6222940000
"AFGHANISTAN";2006;7514261673,14499
"ALBANIA";2006;8896076004,05087
"ALGERIA";2006;117027277939,303
"ANDORRA";2006;3543075303,5066
"ANGOLA";2006;52384484190,3107
"ANGUILLA";2006;284262962,962963
"ANTIGUA AND BARBUDA";2006;1149025497,77778
"ARGENTINA";2006;235423738139,942
"ARMENIA";2006;6808524717,52552
"ARUBA";2006;2424581005,58659
"AUSTRALIA";2006;818189556254,156
"AUSTRIA";2006;334292246560,363
"AZERBAIJAN";2006;20981929497,6188
"BAHAMAS";2006;7965587963
"BAHRAIN";2006;18504758606,383
"BANGLADESH";2006;69971619881,4602
"BARBADOS";2006;4303250000
"BELARUS";2006;36961815473,7734
"BELGIUM";2006;409792079818,602
"BELIZE";2006;1217467601
"BENIN";2006;5142319486,5958
"BERMUDA";2006;5368123000
"BHUTAN";2006;897731359,94229
"BOLIVIA (PLURINATIONAL STATE OF)";2006;11451845965,3378
"BOSNIA AND HERZEGOVINA";2006;12866756081,4297
"BOTSWANA";2006;10126990487,9654
"BRAZIL";2006;1107626711423,57
"BRITISH VIRGIN ISLANDS";2006;9,42e+08
"BRUNEI DARUSSALAM";2006;12709854523,37
"BULGARIA";2006;34305181495,5748
"BURKINA FASO";2006;5816310050,81262
"BURUNDI";2006;1273375078,44845
"CABO VERDE";2006;1259964147,17068
"CAMBODIA";2006;7274501919,21038
"CAMEROON";2006;17953066391,1768
"CANADA";2006;1315457716369,53
"CAYMAN ISLANDS";2006;3207033048,13219
"CENTRAL AFRICAN REPUBLIC";2006;1537502785,42913
"CHAD";2006;7453135808,78498
"CHILE";2006;154671011520,317
"CHINA";2006;2774292479007,91
"CHINA, HONG KONG SAR";2006;193535434591,37
"CHINA, MACAO SAR";2006;14789613443,2868
"COLOMBIA";2006;162590145579,958
"COMOROS";2006;834993355,339076
"CONGO";2006;7731270258,05815
"COOK ISLANDS";2006;187853195,153277
"COSTA RICA";2006;22600431089,9793
"CÔTE D'IVOIRE";2006;17800891294,21
"CROATIA";2006;50436352811,9123
"CUBA";2006;52742700000
"CURAÇAO";2006;2457581711,73184
"CYPRUS";2006;20405317216,6197
"CZECH REPUBLIC";2006;155213120558,221
"D.P.R. OF KOREA";2006;13764393534,7372
"D.R. OF THE CONGO";2006;14296610571,7037
"DENMARK";2006;282885943565,522
"DJIBOUTI";2006;768642985,353447
"DOMINICA";2006;397788888,888889
"DOMINICAN REPUBLIC";2006;37932619634,1263
"ECUADOR";2006;46802044000
"EGYPT";2006;107741504113,492
"EL SALVADOR";2006;18550740982
"EQUATORIAL GUINEA";2006;10086528513,4679
"ERITREA";2006;1211161879,47967
"ESTONIA";2006;16972363157,939
"ETHIOPIA";2006;14983303378,0566
"FIJI";2006;3076362868,36557
"FINLAND";2006;216541409976,698
"FORMER NETHERLANDS ANTILLES";2006;3215828093,85475
"FRANCE";2006;2324892820068,39
"FRENCH POLYNESIA";2006;5872776555,24219
"GABON";2006;10318424274,6829
"GAMBIA";2006;655069484,219631
"GEORGIA";2006;7745249283,8822
"GERMANY";2006;3002292568544,45
"GHANA";2006;20410784895,5597
"GREECE";2006;273303736401,242
"GREENLAND";2006;1811232804,76516
"GRENADA";2006;704833333,333333
"GUATEMALA";2006;30231127013,3354
"GUINEA";2006;4220053411,02209
"GUINEA-BISSAU";2006;591839459,786922
"GUYANA";2006;1458448034,22111
"HAITI";2006;4878625009,33178
"HONDURAS";2006;10917476873,546
"HUNGARY";2006;114801188269,404
"ICELAND";2006;17043245939,014
"INDIA";2006;919117917119,717
"INDONESIA";2006;388167834851,473
"IRAN (ISLAMIC REPUBLIC OF)";2006;258645744612,949
"IRAQ";2006;54548760949,1525
"IRELAND";2006;232155630801,333
"ISRAEL";2006;153877126192,965
"ITALY";2006;1942534330884,65
"JAMAICA";2006;11930186771,9213
"JAPAN";2006;4530376770501,67
"JORDAN";2006;15056932325,811
"KAZAKHSTAN";2006;81003863329,3676
"KENYA";2006;25826241129,9493
"KIRIBATI";2006;108547781,607534
"KOSOVO";2006;3857319214,40063
"KUWAIT";2006;101558975067,651
"KYRGYZSTAN";2006;2834168893,27266
"LAO PEOPLE'S DR";2006;3325023648,84567
"LATVIA";2006;21447311516,4597
"LEBANON";2006;22048424543,9469
"LESOTHO";2006;1428842688,40993
"LIBERIA";2006;7,02e+08
"LIBYA";2006;55076733207,0905
"LIECHTENSTEIN";2006;4469241223,38517
"LITHUANIA";2006;30208499406,7168
"LUXEMBOURG";2006;41911414649,6489
"MADAGASCAR";2006;5515236338,48641
"MALAWI";2006;3998013678,17236
"MALAYSIA";2006;162692260155,07
"MALDIVES";2006;1474698126,17187
"MALI";2006;6899799659,02429
"MALTA";2006;6782910541,33547
"MARSHALL ISLANDS";2006;143656583
"MAURITANIA";2006;3040718540,58079
"MAURITIUS";2006;6731536244,19443
"MEXICO";2006;965277523130,432
"MICRONESIA (FS OF)";2006;253907000
"MONACO";2006;4582712172,35767
"MONGOLIA";2006;3958584328,91011
"MONTENEGRO";2006;2713657405,99999
"MONTSERRAT";2006;51607407,4074074
"MOROCCO";2006;68971576353,3213
"MOZAMBIQUE";2006;8312085341,18786
"MYANMAR";2006;13851581917,8082
"NAMIBIA";2006;7834986735,70388
"NAURU";2006;25392074,0969819
"NEPAL";2006;8989754019,75612
"NETHERLANDS";2006;726611880585,718
"NEW CALEDONIA";2006;6972959601,68207
"NEW ZEALAND";2006;111611398778,909
"NICARAGUA";2006;6786295243,00467
"NIGER";2006;3646729905,48471
"NIGERIA";2006;233859812917,055
"NORWAY";2006;345422869022,869
"OMAN";2006;37215779656,697
"PAKISTAN";2006;136319529009,935
"PALAU";2006;193725000
"PANAMA";2006;1,7137e+10
"PAPUA NEW GUINEA";2006;8306248911,48963
"PARAGUAY";2006;10646243498,2045
"PERU";2006;88658557837,8747
"PHILIPPINES";2006;122210782113,885
"POLAND";2006;344753275560,652
"PORTUGAL";2006;208556265151,808
"PUERTO RICO";2006;87276200000
"QATAR";2006;60154388034,6154
"REPUBLIC OF KOREA";2006;1011797440359,82
"REPUBLIC OF MOLDOVA";2006;3408283313,03582
"ROMANIA";2006;123533662831,748
"RUSSIAN FEDERATION";2006;989932059220,666
"RWANDA";2006;3110327822,99407
"SAINT KITTS AND NEVIS";2006;636216791,851852
"SAINT LUCIA";2006;1066944444,44444
"SAMOA";2006;450557029,18136
"SAN MARINO";2006;2165375316,15597
"SAO TOME AND PRINCIPE";2006;134441164,970397
"SAUDI ARABIA";2006;376900053404,539
"SENEGAL";2006;9358655482,75924
"SERBIA";2006;30607984842,2227
"SEYCHELLES";2006;1016415470,06702
"SIERRA LEONE";2006;1885112223,06007
"SINGAPORE";2006;147794117647,059
"SINT MAARTEN (DUTCH PART)";2006;758246382,122905
"SLOVAKIA";2006;57085081759,3548
"SLOVENIA";2006;39585408120,3444
"SOLOMON ISLANDS";2006;471176770,138041
"SOMALIA";2006;2390008220,03678
"SOUTH AFRICA";2006;271636512521,322
"SPAIN";2006;1264486722860,56
"SRI LANKA";2006;32365078169,1525
"ST. VINCENT AND THE GRENADINES";2006;610930044,444444
"STATE OF PALESTINE";2006;4910100000
"SUDAN (FORMER)";2006;45263776747,6131
"SURINAME";2006;2626451025,05695
"SWAZILAND";2006;3180005915,33769
"SWEDEN";2006;420029322674,677
"SWITZERLAND";2006;429180758068,392
"SYRIAN ARAB REPUBLIC";2006;33108815444,6078
"TAJIKISTAN";2006;2830152927,29574
"TFYR OF MACEDONIA";2006;6861227018,42078
"THAILAND";2006;221758453111,403
"TIMOR-LESTE";2006;2822622583
"TOGO";2006;2218653220,03399
"TONGA";2006;291675601,7851
"TRINIDAD AND TOBAGO";2006;18369105738,2828
"TUNISIA";2006;34376639479,3486
"TURKEY";2006;530917409079,206
"TURKMENISTAN";2006;16220520320,8536
"TURKS AND CAICOS ISLANDS";2006;721891473
"TUVALU";2006;22902566,4764415
"U.R. OF TANZANIA: MAINLAND";2006;18314200299,1758
"UGANDA";2006;12233127237,2929
"UKRAINE";2006;111884752475,248
"UNITED ARAB EMIRATES";2006;222116532963,104
"UNITED KINGDOM";2006;2678343534953,33
"UNITED STATES OF AMERICA";2006;1,3855888e+13
"URUGUAY";2006;19579486728,5862
"UZBEKISTAN";2006;17378238640,3366
"VANUATU";2006;439376661,720733
"VENEZUELA (BOLIVARIAN REPUBLIC OF)";2006;183477410340,009
"VIET NAM";2006;66371664817,0436
"YEMEN";2006;22812476327,82
"ZAMBIA";2006;12756947254,1147
"ZANZIBAR";2006;509643859,815105
"ZIMBABWE";2006;6101630000
"AFGHANISTAN";2007;10380165236,3865
"ALBANIA";2007;10677322220,2843
"ALGERIA";2007;134977088396,419
"ANDORRA";2007;4016766180,21933
"ANGOLA";2007;65266480890,8019
"ANGUILLA";2007;355277777,777778
"ANTIGUA AND BARBUDA";2007;1302388920,74074
"ARGENTINA";2007;291068036932,227
"ARMENIA";2007;9817806812,33201
"ARUBA";2007;2615083798,88268
"AUSTRALIA";2007;985664886439,944
"AUSTRIA";2007;386439116524,952
"AZERBAIJAN";2007;33049426816,4448
"BAHAMAS";2007;8318996486
"BAHRAIN";2007;21730012433,5106
"BANGLADESH";2007;79825872642,2371
"BARBADOS";2007;4546150000
"BELARUS";2007;45275738770,0201
"BELGIUM";2007;471797574036,372
"BELIZE";2007;1290573396,5
"BENIN";2007;5969435195,47523
"BERMUDA";2007;5897373000
"BHUTAN";2007;1196090841,36801
"BOLIVIA (PLURINATIONAL STATE OF)";2007;13120084506,9013
"BOSNIA AND HERZEGOVINA";2007;15776394271,5487
"BOTSWANA";2007;10939019144,1535
"BRAZIL";2007;1397114247307,09
"BRITISH VIRGIN ISLANDS";2007;1,011e+09
"BRUNEI DARUSSALAM";2007;13570654027,1006
"BULGARIA";2007;44764167104,0202
"BURKINA FASO";2007;6771272531,09288
"BURUNDI";2007;1356199386,79629
"CABO VERDE";2007;1513937453,02157
"CAMBODIA";2007;8639240662,36595
"CAMEROON";2007;20431781120,1785
"CANADA";2007;1464978326799,43
"CAYMAN ISLANDS";2007;3516025123,45679
"CENTRAL AFRICAN REPUBLIC";2007;1754928633,81669
"CHAD";2007;8397412769,29666
"CHILE";2007;173081288266,607
"CHINA";2007;3571451058539,68
"CHINA, HONG KONG SAR";2007;211596953544,762
"CHINA, MACAO SAR";2007;18340552420,238
"COLOMBIA";2007;207416490982,993
"COMOROS";2007;950835286,284064
"CONGO";2007;7435524700,3779
"COOK ISLANDS";2007;227935216,647085
"COSTA RICA";2007;26743874711,4636
"CÔTE D'IVOIRE";2007;20343638145,2535
"CROATIA";2007;60081546666,3253
"CUBA";2007;58603800000
"CURAÇAO";2007;2593831497,76536
"CYPRUS";2007;24051825587,3277
"CZECH REPUBLIC";2007;188818465531,118
"D.P.R. OF KOREA";2007;14374670965,3928
"D.R. OF THE CONGO";2007;16364009236,1251
"DENMARK";2007;319423321236,273
"DJIBOUTI";2007;847918929,107984
"DOMINICA";2007;428703703,703704
"DOMINICAN REPUBLIC";2007;43685737624,6681
"ECUADOR";2007;51007777000
"EGYPT";2007;132165346645,925
"EL SALVADOR";2007;20104890728
"EQUATORIAL GUINEA";2007;13071719609,2267
"ERITREA";2007;1317974493,39837
"ESTONIA";2007;22232302626,2011
"ETHIOPIA";2007;18991964041,7357
"FIJI";2007;3378381427,90607
"FINLAND";2007;255371507758,635
"FORMER NETHERLANDS ANTILLES";2007;3401302994,97207
"FRANCE";2007;2662975825905,46
"FRENCH POLYNESIA";2007;6622397307,63124
"GABON";2007;12438957208,3719
"GAMBIA";2007;798868404,442224
"GEORGIA";2007;10172933118,4931
"GERMANY";2007;3439776907153
"GHANA";2007;24757553054,5802
"GREECE";2007;318481589929,342
"GREENLAND";2007;2039972500,32568
"GRENADA";2007;763918518,518518
"GUATEMALA";2007;34113088854,8773
"GUINEA";2007;6281933752,5955
"GUINEA-BISSAU";2007;695990233,663024
"GUYANA";2007;1740337026,49578
"HAITI";2007;5971284337,50737
"HONDURAS";2007;12361247095,8079
"HUNGARY";2007;139198170192,103
"ICELAND";2007;21295012098,9774
"INDIA";2007;1169473124316,52
"INDONESIA";2007;460192550124,261
"IRAN (ISLAMIC REPUBLIC OF)";2007;337474484057,03
"IRAQ";2007;74911627697,2765
"IRELAND";2007;270029156182,101
"ISRAEL";2007;178742715277,639
"ITALY";2007;2202940255324,97
"JAMAICA";2007;12799597771,6873
"JAPAN";2007;4515263396033,39
"JORDAN";2007;17110588165,6849
"KAZAKHSTAN";2007;104849915343,556
"KENYA";2007;31959312213,7606
"KIRIBATI";2007;130757948,157957
"KOSOVO";2007;4667446670,88672
"KUWAIT";2007;114635467557,818
"KYRGYZSTAN";2007;3802570572,37516
"LAO PEOPLE'S DR";2007;4213933820,69067
"LATVIA";2007;30903103601,2366
"LEBANON";2007;24873631840,796
"LESOTHO";2007;1597484769,20642
"LIBERIA";2007;8,17e+08
"LIBYA";2007;62668056573,5751
"LIECHTENSTEIN";2007;5141095917,28633
"LITHUANIA";2007;39731586415,4137
"LUXEMBOURG";2007;50320576209,1324
"MADAGASCAR";2007;7342923619,71421
"MALAWI";2007;4432938184,07134
"MALAYSIA";2007;193549547954,753
"MALDIVES";2007;1745998940,15625
"MALI";2007;8145694927,82916
"MALTA";2007;7930359348,68052
"MARSHALL ISLANDS";2007;150071645
"MAURITANIA";2007;3356758533,56708
"MAURITIUS";2007;7792063566,51501
"MEXICO";2007;1043125189208,64
"MICRONESIA (FS OF)";2007;257204000
"MONACO";2007;5868093274,70873
"MONGOLIA";2007;4910466876,639
"MONTENEGRO";2007;3692861802,19329
"MONTSERRAT";2007;54070370,3703704
"MOROCCO";2007;79040973267,6893
"MOZAMBIQUE";2007;9366672385,55288
"MYANMAR";2007;18232525294,6155
"NAMIBIA";2007;8740909017,63074
"NAURU";2007;23111568,5450046
"NEPAL";2007;10958769835,637
"NETHERLANDS";2007;839376571829,395
"NEW CALEDONIA";2007;8808266121,32547
"NEW ZEALAND";2007;137318587186,045
"NICARAGUA";2007;7458100871,44926
"NIGER";2007;4283547440,77259
"NIGERIA";2007;267663480054,981
"NORWAY";2007;400886152971,282
"OMAN";2007;42085379490,2471
"PAKISTAN";2007;152124000285,98
"PALAU";2007;195050000
"PANAMA";2007;20958001217
"PAPUA NEW GUINEA";2007;9439371180,70826
"PARAGUAY";2007;13794987200,4186
"PERU";2007;102202188010,563
"PHILIPPINES";2007;149359946613,405
"POLAND";2007;429055799418,342
"PORTUGAL";2007;240157009460,916
"PUERTO RICO";2007;89524100000
"QATAR";2007;78759381081,8681
"REPUBLIC OF KOREA";2007;1122679200944,71
"REPUBLIC OF MOLDOVA";2007;4401137823,79658
"ROMANIA";2007;171540203014,457
"RUSSIAN FEDERATION";2007;1299703459800,82
"RWANDA";2007;3775447705,93559
"SAINT KITTS AND NEVIS";2007;674007005,555555
"SAINT LUCIA";2007;1143477777,77778
"SAMOA";2007;640355406,403838
"SAN MARINO";2007;2487553677,43922
"SAO TOME AND PRINCIPE";2007;145827415,802384
"SAUDI ARABIA";2007;415964536357,572
"SENEGAL";2007;11284603480,5377
"SERBIA";2007;40289539467,3119
"SEYCHELLES";2007;1033642509,97971
"SIERRA LEONE";2007;2158496848,75967
"SINGAPORE";2007;179981089530,567
"SINT MAARTEN (DUTCH PART)";2007;807471497,206704
"SLOVAKIA";2007;76922961373,0005
"SLOVENIA";2007;48112218707,6354
"SOLOMON ISLANDS";2007;587990067,95609
"SOMALIA";2007;2482993197,27891
"SOUTH AFRICA";2007;299416992590,164
"SPAIN";2007;1479265709739,78
"SRI LANKA";2007;37023526063,1989
"ST. VINCENT AND THE GRENADINES";2007;678322644,074074
"STATE OF PALESTINE";2007;5505800000
"SUDAN (FORMER)";2007;59440603144,6853
"SURINAME";2007;2936441530,05465
"SWAZILAND";2007;3362459696,41034
"SWEDEN";2007;487818493601,646
"SWITZERLAND";2007;477421391031,762
"SYRIAN ARAB REPUBLIC";2007;40271781586,2894
"TAJIKISTAN";2007;3719437034,31147
"TFYR OF MACEDONIA";2007;8336475035,85416
"THAILAND";2007;262942624565,273
"TIMOR-LESTE";2007;2907166068
"TOGO";2007;2530583163,22929
"TONGA";2007;304982360,96215
"TRINIDAD AND TOBAGO";2007;21642190043,2467
"TUNISIA";2007;38909899065,705
"TURKEY";2007;647139781507,681
"TURKMENISTAN";2007;18493819298,132
"TURKS AND CAICOS ISLANDS";2007;773489744
"TUVALU";2007;27030996,0274377
"U.R. OF TANZANIA: MAINLAND";2007;21501742378,3493
"UGANDA";2007;15052443203,6604
"UKRAINE";2007;148733861386,139
"UNITED ARAB EMIRATES";2007;257916148767,325
"UNITED KINGDOM";2007;3063178851675,6
"UNITED STATES OF AMERICA";2007;1,4477635e+13
"URUGUAY";2007;23410566858,4989
"UZBEKISTAN";2007;22358228684,7323
"VANUATU";2007;526428309,945088
"VENEZUELA (BOLIVARIAN REPUBLIC OF)";2007;230364229156,963
"VIET NAM";2007;77414425532,2452
"YEMEN";2007;25633674769,2256
"ZAMBIA";2007;14056884797,0503
"ZANZIBAR";2007;590184203,57203
"ZIMBABWE";2007;6023160000
"AFGHANISTAN";2008;10768480569,675
"ALBANIA";2008;12881352058,1735
"ALGERIA";2008;171000692134,748
"ANDORRA";2008;4007501603,55465
"ANGOLA";2008;88538664888,1983
"ANGUILLA";2008;354325925,925926
"ANTIGUA AND BARBUDA";2008;1359733541,48148
"ARGENTINA";2008;367241685664,313
"ARMENIA";2008;12436664185,2499
"ARUBA";2008;2745251396,64804
"AUSTRALIA";2008;1055596268455,36
"AUSTRIA";2008;427627368047,362
"AZERBAIJAN";2008;48851318825,7152
"BAHAMAS";2008;8246650156
"BAHRAIN";2008;25710874406,9149
"BANGLADESH";2008;91646940101,6279
"BARBADOS";2008;4595200000
"BELARUS";2008;60752164800,792
"BELGIUM";2008;518645255449,621
"BELIZE";2008;1368625138
"BENIN";2008;7132859564,14264
"BERMUDA";2008;6178690000
"BHUTAN";2008;1258339565,46174
"BOLIVIA (PLURINATIONAL STATE OF)";2008;16674309556,0914
"BOSNIA AND HERZEGOVINA";2008;19101516726,5592
"BOTSWANA";2008;10945139921,1057
"BRAZIL";2008;1695855391841,56
"BRITISH VIRGIN ISLANDS";2008;9,92e+08
"BRUNEI DARUSSALAM";2008;15948702091,7323
"BULGARIA";2008;54665961334,7128
"BURKINA FASO";2008;8369640493,1794
"BURUNDI";2008;1611835856,59275
"CABO VERDE";2008;1789327997,98191
"CAMBODIA";2008;10351917780,0617
"CAMEROON";2008;23322256428,0124
"CANADA";2008;1549073136902,08
"CAYMAN ISLANDS";2008;3547700037,03704
"CENTRAL AFRICAN REPUBLIC";2008;2033153896,01639
"CHAD";2008;10367801499,3058
"CHILE";2008;179626662222,66
"CHINA";2008;4604283850615,7
"CHINA, HONG KONG SAR";2008;219278739753,002
"CHINA, MACAO SAR";2008;20917419055,7384
"COLOMBIA";2008;243982436734,238
"COMOROS";2008;1071748079,82223
"CONGO";2008;10176075299,2805
"COOK ISLANDS";2008;233438282,582539
"COSTA RICA";2008;30612932094,4517
"CÔTE D'IVOIRE";2008;24224905503,6554
"CROATIA";2008;70452320064,8992
"CUBA";2008;60806300000
"CURAÇAO";2008;2833476150,83799
"CYPRUS";2008;27840492238,9484
"CZECH REPUBLIC";2008;235205271893
"D.P.R. OF KOREA";2008;13336798314,5468
"D.R. OF THE CONGO";2008;19206050215,1371
"DENMARK";2008;353358918963,274
"DJIBOUTI";2008;976204275,240405
"DOMINICA";2008;469055555,555555
"DOMINICAN REPUBLIC";2008;47523573516,8527
"ECUADOR";2008;61762635000
"EGYPT";2008;164843994477,681
"EL SALVADOR";2008;21430950600
"EQUATORIAL GUINEA";2008;19749895496,2571
"ERITREA";2008;1380188800
"ESTONIA";2008;24165739524,9304
"ETHIOPIA";2008;25608605787,1349
"FIJI";2008;3523515605,4276
"FINLAND";2008;283753003898,712
"FORMER NETHERLANDS ANTILLES";2008;3688208248,60335
"FRANCE";2008;2923573946917,03
"FRENCH POLYNESIA";2008;7107971421,62782
"GABON";2008;15508576359,3891
"GAMBIA";2008;965769735,967574
"GEORGIA";2008;12795147991,8388
"GERMANY";2008;3752504608450,15
"GHANA";2008;28528014586,7044
"GREECE";2008;354473933079,339
"GREENLAND";2008;2301824018,18183
"GRENADA";2008;832351851,851852
"GUATEMALA";2008;39136289934,9804
"GUINEA";2008;6964179031,35664
"GUINEA-BISSAU";2008;864654881,093623
"GUYANA";2008;1922599414,39515
"HAITI";2008;6407707284,45521
"HONDURAS";2008;13881736920,921
"HUNGARY";2008;157290940078,243
"ICELAND";2008;17640372379,486
"INDIA";2008;1254802704031,46
"INDONESIA";2008;543253872796,141
"IRAN (ISLAMIC REPUBLIC OF)";2008;397189566968,843
"IRAQ";2008;102850264219,322
"IRELAND";2008;274929209490,011
"ISRAEL";2008;215929009610,507
"ITALY";2008;2390817771813,59
"JAMAICA";2008;13709344040,3139
"JAPAN";2008;5037908759111,51
"JORDAN";2008;21972868051,9041
"KAZAKHSTAN";2008;133441647559,21
"KENYA";2008;35896878739,3671
"KIRIBATI";2008;139128040,967025
"KOSOVO";2008;5687572625,83835
"KUWAIT";2008;147380280181,246
"KYRGYZSTAN";2008;5139958956,02389
"LAO PEOPLE'S DR";2008;5285170134,48584
"LATVIA";2008;35593910422,4202
"LEBANON";2008;29227860696,5174
"LESOTHO";2008;1630667641,63661
"LIBERIA";2008;9,2e+08
"LIBYA";2008;95326564977,2952
"LIECHTENSTEIN";2008;5677446406,11584
"LITHUANIA";2008;47895684722,3981
"LUXEMBOURG";2008;55146908740,2181
"MADAGASCAR";2008;9413002737,2806
"MALAWI";2008;5321012490,12684
"MALAYSIA";2008;230811591306,52
"MALDIVES";2008;2109961100,78125
"MALI";2008;9750823479,13045
"MALTA";2008;8977482099,59186
"MARSHALL ISLANDS";2008;152793449
"MAURITANIA";2008;4031047704,34223
"MAURITIUS";2008;9641077098,19803
"MEXICO";2008;1101273677227,48
"MICRONESIA (FS OF)";2008;263529000
"MONACO";2008;6476758150,26111
"MONGOLIA";2008;6520096306,95834
"MONTENEGRO";2008;4549699241,61824
"MONTSERRAT";2008;57403703,7037037
"MOROCCO";2008;92506959385,5742
"MOZAMBIQUE";2008;11494784419,6263
"MYANMAR";2008;25864444149,5244
"NAMIBIA";2008;8486697951,51404
"NAURU";2008;41545797,8182794
"NEPAL";2008;11692061094,5591
"NETHERLANDS";2008;936262892819,265
"NEW CALEDONIA";2008;9031073512,76229
"NEW ZEALAND";2008;133277870867,639
"NICARAGUA";2008;8491390303,67709
"NIGER";2008;5403362220,41418
"NIGERIA";2008;334580508579,363
"NORWAY";2008;461946808510,638
"OMAN";2008;60905452457,7373
"PAKISTAN";2008;151087475340,172
"PALAU";2008;196625000
"PANAMA";2008;24522187179
"PAPUA NEW GUINEA";2008;11548881425,4842
"PARAGUAY";2008;18503387886,3001
"PERU";2008;120612089624,967
"PHILIPPINES";2008;174195184949,251
"POLAND";2008;533806557388,39
"PORTUGAL";2008;262017296166,035
"PUERTO RICO";2008;93639300000
"QATAR";2008;113892484567,308
"REPUBLIC OF KOREA";2008;1002219083281,41
"REPUBLIC OF MOLDOVA";2008;6054780649,56254
"ROMANIA";2008;208185070617,31
"RUSSIAN FEDERATION";2008;1660848058304,32
"RWANDA";2008;4796573942,74333
"SAINT KITTS AND NEVIS";2008;738943972,592592
"SAINT LUCIA";2008;1171370370,37037
"SAMOA";2008;656818067,662078
"SAN MARINO";2008;2751823041,14955
"SAO TOME AND PRINCIPE";2008;195140772,140929
"SAUDI ARABIA";2008;519796133333,333
"SENEGAL";2008;13386366301,3385
"SERBIA";2008;49259541183,0979
"SEYCHELLES";2008;967216315,139973
"SIERRA LEONE";2008;2505458740,03745
"SINGAPORE";2008;192231202951,056
"SINT MAARTEN (DUTCH PART)";2008;854732097,765363
"SLOVAKIA";2008;96593716919,4303
"SLOVENIA";2008;55591908314,6834
"SOLOMON ISLANDS";2008;637074482,387738
"SOMALIA";2008;2600027766,20852
"SOUTH AFRICA";2008;286769029768,392
"SOUTH SUDAN";2008;15558835681,3042
"SPAIN";2008;1635049580162,05
"SRI LANKA";2008;46595310334,9544
"ST. VINCENT AND THE GRENADINES";2008;695429629,629629
"STATE OF PALESTINE";2008;6673500000
"SUDAN";2008;48403597369,2749
"SUDAN (FORMER)";2008;63962433050,5791
"SURINAME";2008;3532989071,03825
"SWAZILAND";2008;3240587467,1104
"SWEDEN";2008;513965715632,408
"SWITZERLAND";2008;551552055061,906
"SYRIAN ARAB REPUBLIC";2008;52557913192,8293
"TAJIKISTAN";2008;5161241428,56102
"TFYR OF MACEDONIA";2008;9909552355,61557
"THAILAND";2008;291383135659,19
"TIMOR-LESTE";2008;4492337608
"TOGO";2008;3167735563,14032
"TONGA";2008;341991795,981284
"TRINIDAD AND TOBAGO";2008;27870110184,8073
"TUNISIA";2008;44855029550,7145
"TURKEY";2008;730325317389,622
"TURKMENISTAN";2008;21628517029,8286
"TURKS AND CAICOS ISLANDS";2008;862683634
"TUVALU";2008;30290770,256687
"U.R. OF TANZANIA: MAINLAND";2008;27388319158,864
"UGANDA";2008;18195091131,0666
"UKRAINE";2008;188110375778,931
"UNITED ARAB EMIRATES";2008;315474615741,321
"UNITED KINGDOM";2008;2875641641370,21
"UNITED STATES OF AMERICA";2008;1,4718582e+13
"URUGUAY";2008;30366193328,5016
"UZBEKISTAN";2008;29653620798,9854
"VANUATU";2008;607958816,128157
"VENEZUELA (BOLIVARIAN REPUBLIC OF)";2008;315600372612,948
"VIET NAM";2008;99130304099,1274
"YEMEN";2008;30397201234,3155
"ZAMBIA";2008;17911045754,2352
"ZANZIBAR";2008;711501273,118886
"ZIMBABWE";2008;5495040000
"AFGHANISTAN";2009;12572598112,2702
"ALBANIA";2009;12044210390,1228
"ALGERIA";2009;137211008420,809
"ANDORRA";2009;3660310210,80019
"ANGOLA";2009;70385227515,7289
"ANGUILLA";2009;282503703,703704
"ANTIGUA AND BARBUDA";2009;1217719672,22222
"ARGENTINA";2009;337888640833,879
"ARMENIA";2009;9222356746,3383
"ARUBA";2009;2498882681,56425
"AUSTRALIA";2009;1011393165967,9
"AUSTRIA";2009;397570327085,094
"AZERBAIJAN";2009;44292408816,638
"BAHAMAS";2009;7820420454
"BAHRAIN";2009;22938220337,766
"BANGLADESH";2009;102126496495,704
"BARBADOS";2009;4601200000
"BELARUS";2009;49208649858,3407
"BELGIUM";2009;484523466471,754
"BELIZE";2009;1336957273,5
"BENIN";2009;7097232735,50011
"BERMUDA";2009;5938933000
"BHUTAN";2009;1264750066,59055
"BOLIVIA (PLURINATIONAL STATE OF)";2009;17340028490,0285
"BOSNIA AND HERZEGOVINA";2009;17600741561,3283
"BOTSWANA";2009;10391031983,1603
"BRAZIL";2009;1666996294335,76
"BRITISH VIRGIN ISLANDS";2009;8,76e+08
"BRUNEI DARUSSALAM";2009;11892307477,0295
"BULGARIA";2009;51783760952,1157
"BURKINA FASO";2009;8369175635,49371
"BURUNDI";2009;1775495032,90509
"CABO VERDE";2009;1711815539,94261
"CAMBODIA";2009;10401844097,2782
"CAMEROON";2009;23381142604,4364
"CANADA";2009;1371152337343,05
"CAYMAN ISLANDS";2009;3337105939,50617
"CENTRAL AFRICAN REPUBLIC";2009;2029424163,53936
"CHAD";2009;9347467485,6478
"CHILE";2009;171956957292,043
"CHINA";2009;5121680444415,58
"CHINA, HONG KONG SAR";2009;214047795659,045
"CHINA, MACAO SAR";2009;21475565538,1301
"COLOMBIA";2009;233821670220,299
"COMOROS";2009;1008052680,05068
"CONGO";2009;9338968265,11434
"COOK ISLANDS";2009;214694780,809469
"COSTA RICA";2009;30562363429,5899
"CÔTE D'IVOIRE";2009;24277494337,4004
"CROATIA";2009;62636100728,816
"CUBA";2009;6,208e+10
"CURAÇAO";2009;2869153196,64804
"CYPRUS";2009;25941060296,1752
"CZECH REPUBLIC";2009;205729790694,015
"D.P.R. OF KOREA";2009;12035152491,9496
"D.R. OF THE CONGO";2009;18262729960,4937
"DENMARK";2009;321243393481,153
"DJIBOUTI";2009;1013228599,88409
"DOMINICA";2009;498929629,62963
"DOMINICAN REPUBLIC";2009;47889071493,4339
"ECUADOR";2009;62519686000
"EGYPT";2009;187977631737,762
"EL SALVADOR";2009;20661032789
"EQUATORIAL GUINEA";2009;15027795467,4534
"ERITREA";2009;1856695550,43902
"ESTONIA";2009;19661206988,6327
"ETHIOPIA";2009;28194199941,7199
"FIJI";2009;2870651032,83125
"FINLAND";2009;251483878456,439
"FORMER NETHERLANDS ANTILLES";2009;3728151096,64804
"FRANCE";2009;2693665189295,46
"FRENCH POLYNESIA";2009;6558162226,5526
"GABON";2009;11690301281,6723
"GAMBIA";2009;900640845,395427
"GEORGIA";2009;10766919442,0789
"GERMANY";2009;3417799117759,07
"GHANA";2009;25977853492,3339
"GREECE";2009;329980374517,51
"GREENLAND";2009;2314737666,79517
"GRENADA";2009;777337037,037037
"GUATEMALA";2009;37733815920,8112
"GUINEA";2009;6716817519,03807
"GUINEA-BISSAU";2009;826798675,954474
"GUYANA";2009;2025556777,70042
"HAITI";2009;6502319208,25502
"HONDURAS";2009;14587485644,4263
"HUNGARY";2009;129965381985,915
"ICELAND";2009;12887074238,5172
"INDIA";2009;1297597246412,32
"INDONESIA";2009;574505135716,382
"IRAN (ISLAMIC REPUBLIC OF)";2009;398978106344,136
"IRAQ";2009;109651255352,069
"IRELAND";2009;235751771955,696
"ISRAEL";2009;207319193766,223
"ITALY";2009;2185028535608,69
"JAMAICA";2009;12120618689,8395
"JAPAN";2009;5231383284722,86
"JORDAN";2009;23820011987,3239
"KAZAKHSTAN";2009;115308687201,97
"KENYA";2009;37022301855,3666
"KIRIBATI";2009;130466534,011456
"KOSOVO";2009;5653482726,03643
"KUWAIT";2009;105967843517,667
"KYRGYZSTAN";2009;4690061344,16421
"LAO PEOPLE'S DR";2009;5585016573,74041
"LATVIA";2009;26172297234,2439
"LEBANON";2009;35477280265,34
"LESOTHO";2009;1711475802,60473
"LIBERIA";2009;1,024e+09
"LIBYA";2009;68838153862,5281
"LIECHTENSTEIN";2009;5032659298,5154
"LITHUANIA";2009;37439331786,7769
"LUXEMBOURG";2009;50383461216,8979
"MADAGASCAR";2009;8551951343,71086
"MALAWI";2009;6191123621,31875
"MALAYSIA";2009;202257458160,849
"MALDIVES";2009;2149259825,39062
"MALI";2009;10181021969,7705
"MALTA";2009;8527688581,89955
"MARSHALL ISLANDS";2009;152130186
"MAURITANIA";2009;3662281667,80482
"MAURITIUS";2009;8834661042,93519
"MEXICO";2009;893370654106,364
"MICRONESIA (FS OF)";2009;280494000
"MONACO";2009;5452402868,8254
"MONGOLIA";2009;5314957248,47631
"MONTENEGRO";2009;4168441064,58612
"MONTSERRAT";2009;59403703,7037037
"MOROCCO";2009;92897320375,8176
"MOZAMBIQUE";2009;10911644971,8056
"MYANMAR";2009;32934812583,5054
"NAMIBIA";2009;8876218195,12391
"NAURU";2009;54243181,2327354
"NEPAL";2009;12739825873,1768
"NETHERLANDS";2009;857881081495,17
"NEW CALEDONIA";2009;8669544317,35168
"NEW ZEALAND";2009;121340967593,253
"NICARAGUA";2009;8380739349,99045
"NIGER";2009;5397121962,02425
"NIGERIA";2009;272536010782,649
"NORWAY";2009;386381871190,035
"OMAN";2009;48388363516,2549
"PAKISTAN";2009;161537631709,888
"PALAU";2009;195300000
"PANAMA";2009;26593510820
"PAPUA NEW GUINEA";2009;11550397257,009
"PARAGUAY";2009;15933721911,8331
"PERU";2009;120850736480,335
"PHILIPPINES";2009;168334642181,986
"POLAND";2009;439790287299,989
"PORTUGAL";2009;243731066786,88
"PUERTO RICO";2009;96385600000
"QATAR";2009;96629750995,6044
"REPUBLIC OF KOREA";2009;901934953364,711
"REPUBLIC OF MOLDOVA";2009;5439434059,31996
"ROMANIA";2009;167421576906,365
"RUSSIAN FEDERATION";2009;1222645887207,93
"RWANDA";2009;5308990208,79641
"SAINT KITTS AND NEVIS";2009;723210231,111111
"SAINT LUCIA";2009;1176607407,40741
"SAMOA";2009;581243939,94478
"SAN MARINO";2009;2362736249,3231
"SAO TOME AND PRINCIPE";2009;196007727,708302
"SAUDI ARABIA";2009;429097893333,333
"SENEGAL";2009;12777619445,3809
"SERBIA";2009;42616653582,2263
"SEYCHELLES";2009;847424721,677597
"SIERRA LEONE";2009;2453899846,89262
"SINGAPORE";2009;192406441416,028
"SINT MAARTEN (DUTCH PART)";2009;858997900
"SLOVAKIA";2009;88940267531,3522
"SLOVENIA";2009;50241767318,3386
"SOLOMON ISLANDS";2009;638556597,576052
"SOMALIA";2009;2011708219,44503
"SOUTH AFRICA";2009;295937388335,714
"SOUTH SUDAN";2009;12275381629,6382
"SPAIN";2009;1498984446173,62
"SRI LANKA";2009;48143074176,3054
"ST. VINCENT AND THE GRENADINES";2009;674922222,222222
"STATE OF PALESTINE";2009;7268200000
"SUDAN";2009;48287026040,6107
"SUDAN (FORMER)";2009;60562407670,2489
"SURINAME";2009;3875555555,55556
"SWAZILAND";2009;3575315504,0199
"SWEDEN";2009;429655957162,127
"SWITZERLAND";2009;539507555895,277
"SYRIAN ARAB REPUBLIC";2009;54111735241,5027
"TAJIKISTAN";2009;4979375408,59945
"TFYR OF MACEDONIA";2009;9401736825,42688
"THAILAND";2009;281574887743,438
"TIMOR-LESTE";2009;3397048017
"TOGO";2009;3163051565,31172
"TONGA";2009;326174530,942297
"TRINIDAD AND TOBAGO";2009;19175186992,1699
"TUNISIA";2009;43455757067,2641
"TURKEY";2009;614569870621,912
"TURKMENISTAN";2009;20214385964,9123
"TURKS AND CAICOS ISLANDS";2009;703175747
"TUVALU";2009;27101312,7916078
"U.R. OF TANZANIA: MAINLAND";2009;28574171780,761
"UGANDA";2009;19051282707,0638
"UKRAINE";2009;121552148243,748
"UNITED ARAB EMIRATES";2009;253547358746,903
"UNITED KINGDOM";2009;2367056242750,5
"UNITED STATES OF AMERICA";2009;1,4418739e+13
"URUGUAY";2009;31660914909,6914
"UZBEKISTAN";2009;33847883461,868
"VANUATU";2009;610066438,179705
"VENEZUELA (BOLIVARIAN REPUBLIC OF)";2009;329419189566,837
"VIET NAM";2009;106014659563,143
"YEMEN";2009;28459502978,6636
"ZAMBIA";2009;15328304688,0895
"ZANZIBAR";2009;711499360,61873
"ZIMBABWE";2009;8,157e+09
"AFGHANISTAN";2010;16077921038,0009
"ALBANIA";2010;11926948284,4373
"ALGERIA";2010;161207304960,455
"ANDORRA";2010;3355495581,18774
"ANGOLA";2010;83799478929,8438
"ANGUILLA";2010;267929629,62963
"ANTIGUA AND BARBUDA";2010;1147942226,2963
"ARGENTINA";2010;428791542785,481
"ARMENIA";2010;9875377779,08488
"ARUBA";2010;2390502793,29609
"AUSTRALIA";2010;1293200689995,03
"AUSTRIA";2010;390211866490,257
"AZERBAIJAN";2010;52905998878,7143
"BAHAMAS";2010;7909581305
"BAHRAIN";2010;25713271276,5957
"BANGLADESH";2010;114507797698,349
"BARBADOS";2010;4446700000
"BELARUS";2010;55220949065,1366
"BELGIUM";2010;483548693409,337
"BELIZE";2010;1397113431,5
"BENIN";2010;6970254725,40599
"BERMUDA";2010;5855331000
"BHUTAN";2010;1585464266,28405
"BOLIVIA (PLURINATIONAL STATE OF)";2010;19649786223,2779
"BOSNIA AND HERZEGOVINA";2010;17163819980,5258
"BOTSWANA";2010;12790285216,8283
"BRAZIL";2010;2208838108593,19
"BRITISH VIRGIN ISLANDS";2010;8,94e+08
"BRUNEI DARUSSALAM";2010;13707116269,2402
"BULGARIA";2010;49939449818,6555
"BURKINA FASO";2010;8979964355,86682
"BURUNDI";2010;2032135191,46211
"CABO VERDE";2010;1664316427,6879
"CAMBODIA";2010;11242278818,7738
"CAMEROON";2010;23622482954,804
"CANADA";2010;1613463452090,76
"CAYMAN ISLANDS";2010;3267076804,93827
"CENTRAL AFRICAN REPUBLIC";2010;2033813912,09921
"CHAD";2010;9791128578,11265
"CHILE";2010;217538285545,982
"CHINA";2010;6066351252193,77
"CHINA, HONG KONG SAR";2010;228638678536,952
"CHINA, MACAO SAR";2010;28123582424,0367
"COLOMBIA";2010;287018179193,92
"COMOROS";2010;995319239,65173
"CONGO";2010;12281046232,8523
"COOK ISLANDS";2010;255145820,009059
"COSTA RICA";2010;37268635236,345
"CÔTE D'IVOIRE";2010;24884497893,4652
"CROATIA";2010;59665308938,1861
"CUBA";2010;6,4328e+10
"CURAÇAO";2010;2951342797,2067
"CYPRUS";2010;25560729793,82
"CZECH REPUBLIC";2010;207016402026,364
"D.P.R. OF KOREA";2010;13945167272,7157
"D.R. OF THE CONGO";2010;21672048052,0513
"DENMARK";2010;321995350346,501
"DJIBOUTI";2010;1066964511,79095
"DOMINICA";2010;493825925,925926
"DOMINICAN REPUBLIC";2010;53042973606,4133
"ECUADOR";2010;69555367000
"EGYPT";2010;214630372040,998
"EL SALVADOR";2010;21418328456
"EQUATORIAL GUINEA";2010;16298541318,0935
"ERITREA";2010;2117039510,69919
"ESTONIA";2010;19502511112,1074
"ETHIOPIA";2010;26311297202,1824
"FIJI";2010;3140614811,14003
"FINLAND";2010;247799815768,477
"FORMER NETHERLANDS ANTILLES";2010;3847834855,86592
"FRANCE";2010;2646837111794,78
"FRENCH POLYNESIA";2010;6080711980,37817
"GABON";2010;12882003772,5905
"GAMBIA";2010;952429106,561773
"GEORGIA";2010;11638284840,6357
"GERMANY";2010;3417094562648,95
"GHANA";2010;32174210829,9995
"GREECE";2010;299361576564,839
"GREENLAND";2010;2287309468,66818
"GRENADA";2010;776507407,407407
"GUATEMALA";2010;41338158245,9582
"GUINEA";2010;6853390371,377
"GUINEA-BISSAU";2010;849050090,522991
"GUYANA";2010;2259290303,74484
"HAITI";2010;6707774879,76601
"HONDURAS";2010;15839344591,9842
"HUNGARY";2010;130255637530,908
"ICELAND";2010;13254818331,1893
"INDIA";2010;1650634716715,52
"INDONESIA";2010;755094157594,248
"IRAN (ISLAMIC REPUBLIC OF)";2010;467790217270,873
"IRAQ";2010;117137871600,855
"IRELAND";2010;221343487377,226
"ISRAEL";2010;233756355953,169
"ITALY";2010;2125058270201,64
"JAMAICA";2010;13220041856,2823
"JAPAN";2010;5700098114744,41
"JORDAN";2010;26425379366,1972
"KAZAKHSTAN";2010;148047348240,643
"KENYA";2010;39999677643,4324
"KIRIBATI";2010;153281600,615926
"KOSOVO";2010;5830068777,22859
"KUWAIT";2010;115416047508,328
"KYRGYZSTAN";2010;4794361821,20611
"LAO PEOPLE'S DR";2010;6743619378,99679
"LATVIA";2010;23765143538,0065
"LEBANON";2010;38419900497,5124
"LESOTHO";2010;2187410871,15984
"LIBERIA";2010;1,074e+09
"LIBYA";2010;80942419623,5859
"LIECHTENSTEIN";2010;5678406290,37421
"LITHUANIA";2010;37130286200,5699
"LUXEMBOURG";2010;52906230145,2719
"MADAGASCAR";2010;8729936135,73148
"MALAWI";2010;6959686850,3004
"MALAYSIA";2010;255017645207,18
"MALDIVES";2010;2323424543,35938
"MALI";2010;10678749002,3437
"MALTA";2010;8740539199,16658
"MARSHALL ISLANDS";2010;163803078
"MAURITANIA";2010;4337791530,82975
"MAURITIUS";2010;9718266394,66743
"MEXICO";2010;1049924758675,77
"MICRONESIA (FS OF)";2010;297029000
"MONACO";2010;5362349543,9971
"MONGOLIA";2010;7189482029,72665
"MONTENEGRO";2010;4138945420,08947
"MONTSERRAT";2010;55511111,1111111
"MOROCCO";2010;93217221947,0183
"MOZAMBIQUE";2010;10154250870,0235
"MYANMAR";2010;41444923052,8784
"NAMIBIA";2010;11282158756,1857
"NAURU";2010;62494508,2354941
"NEPAL";2010;16280802529,7505
"NETHERLANDS";2010;836389937229,197
"NEW CALEDONIA";2010;9355222390,27466
"NEW ZEALAND";2010;146583831538,331
"NICARAGUA";2010;8741293213,82878
"NIGER";2010;5718587531,09142
"NIGERIA";2010;369062403225,711
"NORWAY";2010;428527064662,898
"OMAN";2010;58641252457,7373
"PAKISTAN";2010;174507923710,715
"PALAU";2010;185950000
"PANAMA";2010;28917170797
"PAPUA NEW GUINEA";2010;14204789049,119
"PARAGUAY";2010;20047518422,1742
"PERU";2010;147527631520,729
"PHILIPPINES";2010;199590936106,568
"POLAND";2010;479321128909,23
"PORTUGAL";2010;238303443425,21
"PUERTO RICO";2010;98381300000
"QATAR";2010;123627107054,121
"REPUBLIC OF KOREA";2010;1094499350178,46
"REPUBLIC OF MOLDOVA";2010;5811622393,98689
"ROMANIA";2010;167998049026,086
"RUSSIAN FEDERATION";2010;1524916698233,31
"RWANDA";2010;5698548923,48065
"SAINT KITTS AND NEVIS";2010;705015065,185185
"SAINT LUCIA";2010;1244296296,2963
"SAMOA";2010;679252092,024518
"SAN MARINO";2010;2139342824,21604
"SAO TOME AND PRINCIPE";2010;206013753,86727
"SAUDI ARABIA";2010;526811466666,667
"SENEGAL";2010;12925679250,4904
"SERBIA";2010;39460340890,6508
"SEYCHELLES";2010;969973774,850545
"SIERRA LEONE";2010;2578026279,97204
"SINGAPORE";2010;236420337242,775
"SINT MAARTEN (DUTCH PART)";2010;896492058,659218
"SLOVAKIA";2010;89501012915,7314
"SLOVENIA";2010;48013606724,2895
"SOLOMON ISLANDS";2010;719622919,308686
"SOMALIA";2010;1071191222,57053
"SOUTH AFRICA";2010;375348316917,75
"SOUTH SUDAN";2010;15720071784,4379
"SPAIN";2010;1431587612302,26
"SRI LANKA";2010;56725754848,3864
"ST. VINCENT AND THE GRENADINES";2010;681225925,925926
"STATE OF PALESTINE";2010;8913100000
"SUDAN";2010;53944471102,3832
"SUDAN (FORMER)";2010;69664542886,8211
"SURINAME";2010;4368377356,19972
"SWAZILAND";2010;4526383755,58574
"SWEDEN";2010;488377689564,921
"SWITZERLAND";2010;581208562396,526
"SYRIAN ARAB REPUBLIC";2010;60465112081,724
"TAJIKISTAN";2010;5642175855,7955
"TFYR OF MACEDONIA";2010;9407170388,83362
"THAILAND";2010;340923328043,356
"TIMOR-LESTE";2010;4273604279
"TOGO";2010;3172644757,04596
"TONGA";2010;373874368,006912
"TRINIDAD AND TOBAGO";2010;22157966488,9466
"TUNISIA";2010;44051133923,4316
"TURKEY";2010;731144392259,649
"TURKMENISTAN";2010;22583157894,7368
"TURKS AND CAICOS ISLANDS";2010;686787814
"TUVALU";2010;31824701,2783331
"U.R. OF TANZANIA: MAINLAND";2010;31105429966,9007
"UGANDA";2010;19803211403,1975
"UKRAINE";2010;141209163012,941
"UNITED ARAB EMIRATES";2010;286185470043,022
"UNITED KINGDOM";2010;2429680444512,61
"UNITED STATES OF AMERICA";2010;1,4964372e+13
"URUGUAY";2010;40287198814,5135
"UZBEKISTAN";2010;39525875085,7927
"VANUATU";2010;700804045,16412
"VENEZUELA (BOLIVARIAN REPUBLIC OF)";2010;393805672595,65
"VIET NAM";2010;115931749904,86
"YEMEN";2010;30906753495,1501
"ZAMBIA";2010;20265396328,3047
"ZANZIBAR";2010;745633297,600838
"ZIMBABWE";2010;9,422e+09
"AFGHANISTAN";2011;19170467658,8398
"ALBANIA";2011;12890873322,9257
"ALGERIA";2011;200013096532,141
"ANDORRA";2011;3442276938,37821
"ANGOLA";2011;111789745968,164
"ANGUILLA";2011;292414814,814815
"ANTIGUA AND BARBUDA";2011;1141865432,22222
"ARGENTINA";2011;533195159105,782
"ARMENIA";2011;10815777610,6523
"ARUBA";2011;2549720670,39106
"AUSTRALIA";2011;1538011961359,65
"AUSTRIA";2011;429037361514,409
"AZERBAIJAN";2011;65952763948,839
"BAHAMAS";2011;7889746133
"BAHRAIN";2011;28776609460,1064
"BANGLADESH";2011;123506292446,367
"BARBADOS";2011;4358850000
"BELARUS";2011;59734602550,2718
"BELGIUM";2011;527008036846,811
"BELIZE";2011;1487005588
"BENIN";2011;7814112710,97006
"BERMUDA";2011;5620380000
"BHUTAN";2011;1820209093,20955
"BOLIVIA (PLURINATIONAL STATE OF)";2011;23963162971,8339
"BOSNIA AND HERZEGOVINA";2011;18628861695,7003
"BOTSWANA";2011;15519024007,4347
"BRAZIL";2011;2614528227265,64
"BRITISH VIRGIN ISLANDS";2011;9,16e+08
"BRUNEI DARUSSALAM";2011;18524790773,9109
"BULGARIA";2011;56951522204,118
"BURKINA FASO";2011;10724063137,5717
"BURUNDI";2011;2235812878,97612
"CABO VERDE";2011;1864823990,9938
"CAMBODIA";2011;12829542934,5817
"CAMEROON";2011;26587310733,5738
"CANADA";2011;1788646895467,68
"CAYMAN ISLANDS";2011;3348964912,34568
"CENTRAL AFRICAN REPUBLIC";2011;2265951515,00583
"CHAD";2011;11167946516,0681
"CHILE";2011;250832362674,085
"CHINA";2011;7522103366971,74
"CHINA, HONG KONG SAR";2011;248513617677,287
"CHINA, MACAO SAR";2011;36709821915,7439
"COLOMBIA";2011;335415162155,569
"COMOROS";2011;1085576998,82488
"CONGO";2011;14797544878,6794
"COOK ISLANDS";2011;286298734,032598
"COSTA RICA";2011;42262694504,0177
"CÔTE D'IVOIRE";2011;25669760210,0881
"CROATIA";2011;62237108230,4167
"CUBA";2011;69511335012,5945
"CURAÇAO";2011;3038699625,69832
"CYPRUS";2011;27428867588,0311
"CZECH REPUBLIC";2011;227948349666,354
"D.P.R. OF KOREA";2011;15689234225,1273
"D.R. OF THE CONGO";2011;25839722463,932
"DENMARK";2011;344003209695,606
"DJIBOUTI";2011;1155260211,22996
"DOMINICA";2011;501400000
"DOMINICAN REPUBLIC";2011;58026114993,223
"ECUADOR";2011;79276664000
"EGYPT";2011;231100308408,563
"EL SALVADOR";2011;23139042264
"EQUATORIAL GUINEA";2011;21329395562,4966
"ERITREA";2011;2607796750,63415
"ESTONIA";2011;23170192914,2454
"ETHIOPIA";2011;30479431858,5635
"FIJI";2011;3774542675,9903
"FINLAND";2011;273674236772,815
"FORMER NETHERLANDS ANTILLES";2011;3869893298,88268
"FRANCE";2011;2862680142625,14
"FRENCH POLYNESIA";2011;6195821515,74647
"GABON";2011;16979816206,0498
"GAMBIA";2011;904257483,85019
"GEORGIA";2011;14434667041,1362
"GERMANY";2011;3757698281117,55
"GHANA";2011;39564983872,7387
"GREECE";2011;287797830489,585
"GREENLAND";2011;2503766483,28906
"GRENADA";2011;784481481,481481
"GUATEMALA";2011;47654671631,2611
"GUINEA";2011;6955359355,22061
"GUINEA-BISSAU";2011;1098379359,14864
"GUYANA";2011;2576598456,19126
"HAITI";2011;7473665097,98097
"HONDURAS";2011;17710233707,7879
"HUNGARY";2011;140091591852,976
"ICELAND";2011;14674650434,6757
"INDIA";2011;1871855970448,55
"INDONESIA";2011;892969104529,233
"IRAN (ISLAMIC REPUBLIC OF)";2011;592037797738,273
"IRAQ";2011;157453690085,47
"IRELAND";2011;240590733760,087
"ISRAEL";2011;261372527028,086
"ITALY";2011;2276292459232,78
"JAMAICA";2011;14440467756,6628
"JAPAN";2011;6157459594823,72
"JORDAN";2011;28840263429,5775
"KAZAKHSTAN";2011;192626464179,147
"KENYA";2011;41953451738,4743
"KIRIBATI";2011;177148859,012756
"KOSOVO";2011;6692847485,08401
"KUWAIT";2011;154040737004,695
"KYRGYZSTAN";2011;6197765941,67975
"LAO PEOPLE'S DR";2011;8060599833,99865
"LATVIA";2011;28420654827,2847
"LEBANON";2011;40075621890,5473
"LESOTHO";2011;2523345315,31618
"LIBERIA";2011;1540100000
"LIBYA";2011;40587263612,1977
"LIECHTENSTEIN";2011;6412870506,13344
"LITHUANIA";2011;43524012459,3769
"LUXEMBOURG";2011;59576132634,0227
"MADAGASCAR";2011;9892702357,55407
"MALAWI";2011;7158342391,63793
"MALAYSIA";2011;297951667650,449
"MALDIVES";2011;2449548310,48758
"MALI";2011;12978107173,023
"MALTA";2011;9557030362,26844
"MARSHALL ISLANDS";2011;172861423
"MAURITANIA";2011;5166340390,46428
"MAURITIUS";2011;11262821819,1699
"MEXICO";2011;1169359813093,52
"MICRONESIA (FS OF)";2011;311048000
"MONACO";2011;6080728934,77001
"MONGOLIA";2011;10409797336,1398
"MONTENEGRO";2011;4538481798,27689
"MONTSERRAT";2011;63700000
"MOROCCO";2011;101370787558,522
"MOZAMBIQUE";2011;13131166690,515
"MYANMAR";2011;57888477654,8534
"NAMIBIA";2011;12409574913,3708
"NAURU";2011;85878956,3868561
"NEPAL";2011;18467306133,4774
"NETHERLANDS";2011;893757287201,688
"NEW CALEDONIA";2011;10337902024,4224
"NEW ZEALAND";2011;168461998741,295
"NICARAGUA";2011;9755632543,4016
"NIGER";2011;6409169698,10695
"NIGERIA";2011;414095238507,896
"NORWAY";2011;498156756965,081
"OMAN";2011;67936801040,3121
"PAKISTAN";2011;211671575683,371
"PALAU";2011;1,88e+08
"PANAMA";2011;34373820485
"PAPUA NEW GUINEA";2011;17953411856,0617
"PARAGUAY";2011;25099681760,3119
"PERU";2011;171761737046,585
"PHILIPPINES";2011;224142892629,046
"POLAND";2011;528819945375,376
"PORTUGAL";2011;244895101712,451
"PUERTO RICO";2011;100351700000
"QATAR";2011;167775274725,275
"REPUBLIC OF KOREA";2011;1202463655509,6
"REPUBLIC OF MOLDOVA";2011;7015199036,02667
"ROMANIA";2011;185362282790,235
"RUSSIAN FEDERATION";2011;2031768558635,26
"RWANDA";2011;6406727020,12819
"SAINT KITTS AND NEVIS";2011;753225977,777778
"SAINT LUCIA";2011;1289533333,33333
"SAMOA";2011;787200548,140868
"SAN MARINO";2011;2053922582,18325
"SAO TOME AND PRINCIPE";2011;244060055,750058
"SAUDI ARABIA";2011;669506666666,667
"SENEGAL";2011;14374390938,515
"SERBIA";2011;46466728011,2609
"SEYCHELLES";2011;1018426781,49303
"SIERRA LEONE";2011;2942454879,21799
"SINGAPORE";2011;275226060760,972
"SINT MAARTEN (DUTCH PART)";2011;936062988,826816
"SLOVAKIA";2011;98181259740,0919
"SLOVENIA";2011;51290792072,3226
"SOLOMON ISLANDS";2011;870249257,852219
"SOMALIA";2011;1067304075,23511
"SOUTH AFRICA";2011;416417032181,434
"SOUTH SUDAN";2011;17826862276,0501
"SPAIN";2011;1488017213511,01
"SRI LANKA";2011;65292745704,4422
"ST. VINCENT AND THE GRENADINES";2011;676129418,518518
"STATE OF PALESTINE";2011;10465400000
"SUDAN";2011;69515078921,017
"SURINAME";2011;4422240208,07834
"SWAZILAND";2011;4959971414,46542
"SWEDEN";2011;563109663291,177
"SWITZERLAND";2011;696278717674,085
"SYRIAN ARAB REPUBLIC";2011;55173028416,8348
"TAJIKISTAN";2011;6522755783,39257
"TFYR OF MACEDONIA";2011;10494626767,6445
"THAILAND";2011;370608088312,461
"TIMOR-LESTE";2011;5973247479
"TOGO";2011;3688306859,40034
"TONGA";2011;448248753,198619
"TRINIDAD AND TOBAGO";2011;25433008605,0407
"TUNISIA";2011;45811163970,308
"TURKEY";2011;774775177316,102
"TURKMENISTAN";2011;29233333333,3333
"TURKS AND CAICOS ISLANDS";2011;728789574
"TUVALU";2011;39313508,6934276
"U.R. OF TANZANIA: MAINLAND";2011;33561501421,5864
"UGANDA";2011;21858387840,2565
"UKRAINE";2011;169333838743,705
"UNITED ARAB EMIRATES";2011;348525989229,408
"UNITED KINGDOM";2011;2608824654243,59
"UNITED STATES OF AMERICA";2011;1,5517926e+13
"URUGUAY";2011;47962423399,009
"UZBEKISTAN";2011;46152400794,2967
"VANUATU";2011;792149995,808612
"VENEZUELA (BOLIVARIAN REPUBLIC OF)";2011;316482875993,752
"VIET NAM";2011;135539438559,709
"YEMEN";2011;31078858746,492
"ZAMBIA";2011;23459681640,1163
"ZANZIBAR";2011;855016532,647904
"ZIMBABWE";2011;1,0956e+10
"AFGHANISTAN";2012;21330874642,0955
"ALBANIA";2012;12319779708,2964
"ALGERIA";2012;209047479470,818
"ANDORRA";2012;3164641204,20472
"ANGOLA";2012;128052913437,634
"ANGUILLA";2012;280111111,111111
"ANTIGUA AND BARBUDA";2012;1216045767,77778
"ARGENTINA";2012;584577245019,788
"ARMENIA";2012;10619320692,8087
"ARUBA";2012;2534636871,50838
"AUSTRALIA";2012;1578361330760,15
"AUSTRIA";2012;407451583084,239
"AZERBAIJAN";2012;69679913509,9091
"BAHAMAS";2012;8399030984
"BAHRAIN";2012;30749332534,5745
"BANGLADESH";2012;128899307875,314
"BARBADOS";2012;4332200000
"BELARUS";2012;63615442553,6756
"BELGIUM";2012;497884088082,651
"BELIZE";2012;1573867323,5
"BENIN";2012;8117076857,58689
"BERMUDA";2012;5584317000
"BHUTAN";2012;1823690130,81391
"BOLIVIA (PLURINATIONAL STATE OF)";2012;27084497482,9233
"BOSNIA AND HERZEGOVINA";2012;17207255649,1043
"BOTSWANA";2012;14686198398,901
"BRAZIL";2012;2460698499082,44
"BRITISH VIRGIN ISLANDS";2012;909355000
"BRUNEI DARUSSALAM";2012;19048443088,4528
"BULGARIA";2012;53574910811,0772
"BURKINA FASO";2012;11166062681,3275
"BURUNDI";2012;2327402362,81574
"CABO VERDE";2012;1751884565,50495
"CAMBODIA";2012;14054443213,4731
"CAMEROON";2012;26472054176,1664
"CANADA";2012;1824288757447,57
"CAYMAN ISLANDS";2012;3410097850,56295
"CENTRAL AFRICAN REPUBLIC";2012;2236749993,4093
"CHAD";2012;11362551185,5473
"CHILE";2012;265231580274,642
"CHINA";2012;8570348155604,47
"CHINA, HONG KONG SAR";2012;262628877166,217
"CHINA, MACAO SAR";2012;43028895299,6506
"COLOMBIA";2012;369659697842,885
"COMOROS";2012;1094087465,00303
"CONGO";2012;13656316206,7427
"COOK ISLANDS";2012;302118559,607747
"COSTA RICA";2012;46473131798,7472
"CÔTE D'IVOIRE";2012;26790583767,5713
"CROATIA";2012;56485387295,9215
"CUBA";2012;7,3141e+10
"CURAÇAO";2012;3131096109,49721
"CYPRUS";2012;25012411723,1096
"CZECH REPUBLIC";2012;207376427020,815
"D.P.R. OF KOREA";2012;15907396534,4267
"D.R. OF THE CONGO";2012;29306269640,5817
"DENMARK";2012;327148899962,146
"DJIBOUTI";2012;1255090844,63851
"DOMINICA";2012;485355555,555556
"DOMINICAN REPUBLIC";2012;60441438850,7141
"ECUADOR";2012;87924544000
"EGYPT";2012;273539224495,581
"EL SALVADOR";2012;23813601282
"EQUATORIAL GUINEA";2012;22389624754,8237
"ERITREA";2012;3091990948,29268
"ESTONIA";2012;23043874403,493
"ETHIOPIA";2012;42210509593,049
"FIJI";2012;3972026033,59927
"FINLAND";2012;256706466091,089
"FORMER NETHERLANDS ANTILLES";2012;4008770464,80447
"FRANCE";2012;2681416108537,39
"FRENCH POLYNESIA";2012;5693183729,78939
"GABON";2012;15968428491,1358
"GAMBIA";2012;912569062,486704
"GEORGIA";2012;15846884446,7099
"GERMANY";2012;3543983909148,01
"GHANA";2012;41939339723,8025
"GREECE";2012;245670666684,017
"GREENLAND";2012;2356022034,57484
"GRENADA";2012;809311111,111111
"GUATEMALA";2012;50388426078,775
"GUINEA";2012;7290902741,53665
"GUINEA-BISSAU";2012;989326451,977244
"GUYANA";2012;2851152180,58476
"HAITI";2012;7820337702,18002
"HONDURAS";2012;18528580499,1196
"HUNGARY";2012;127321135030,078
"ICELAND";2012;14218575093,024
"INDIA";2012;1862249165205,85
"INDONESIA";2012;917869913365,243
"IRAN (ISLAMIC REPUBLIC OF)";2012;587209368610,921
"IRAQ";2012;185917962240,96
"IRELAND";2012;225817749472,632
"ISRAEL";2012;257640257708,742
"ITALY";2012;2072823111961,1
"JAMAICA";2012;14802426481,1729
"JAPAN";2012;6203213121334,12
"JORDAN";2012;30937277556,338
"KAZAKHSTAN";2012;207998568865,789
"KENYA";2012;50410158302,4948
"KIRIBATI";2012;188045452,670653
"KOSOVO";2012;6499813169,24195
"KUWAIT";2012;174047199612,935
"KYRGYZSTAN";2012;6605142864,372
"LAO PEOPLE'S DR";2012;9397285819,40699
"LATVIA";2012;28078089989,771
"LEBANON";2012;44100165837,4793
"LESOTHO";2012;2384033927,5598
"LIBERIA";2012;1,734e+09
"LIBYA";2012;95802591516,697
"LIECHTENSTEIN";2012;6096002449,22024
"LITHUANIA";2012;42863859003,2479
"LUXEMBOURG";2012;56411810299,2219
"MADAGASCAR";2012;9919780221,95248
"MALAWI";2012;5559077199,32818
"MALAYSIA";2012;314443061220,138
"MALDIVES";2012;2518285044,3442
"MALI";2012;12442747022,2068
"MALTA";2012;9262314359,14894
"MARSHALL ISLANDS";2012;184439555
"MAURITANIA";2012;5231255478,38986
"MAURITIUS";2012;11445668029,748
"MEXICO";2012;1184503614739,92
"MICRONESIA (FS OF)";2012;326490000
"MONACO";2012;5743076895,25634
"MONGOLIA";2012;12292770631,2298
"MONTENEGRO";2012;4087760556,20218
"MONTSERRAT";2012;62529629,6296296
"MOROCCO";2012;98265835438,4038
"MOZAMBIQUE";2012;15265301381,5643
"MYANMAR";2012;61013748262,0836
"NAMIBIA";2012;13016322638,9018
"NAURU";2012;120602723,855614
"NEPAL";2012;17927227199,8122
"NETHERLANDS";2012;828946812396,788
"NEW CALEDONIA";2012;9406378455,76976
"NEW ZEALAND";2012;176616614110,192
"NICARAGUA";2012;10438858283,2349
"NIGER";2012;6942208847,99461
"NIGERIA";2012;460951712368,436
"NORWAY";2012;509704856037,817
"OMAN";2012;76689466840,052
"PAKISTAN";2012;214641658203,278
"PALAU";2012;203800000
"PANAMA";2012;39954761233
"PAPUA NEW GUINEA";2012;21267984222,6765
"PARAGUAY";2012;24595319573,7548
"PERU";2012;192649991136,09
"PHILIPPINES";2012;250092124179,119
"POLAND";2012;500344281382,345
"PORTUGAL";2012;216368178659,447
"PUERTO RICO";2012;101564800000
"QATAR";2012;186833516483,516
"REPUBLIC OF KOREA";2012;1222807256171,32
"REPUBLIC OF MOLDOVA";2012;7284664432,55731
"ROMANIA";2012;171664638717,49
"RUSSIAN FEDERATION";2012;2170143623037,09
"RWANDA";2012;7219656633,86281
"SAINT KITTS AND NEVIS";2012;734462684,074074
"SAINT LUCIA";2012;1302666666,66667
"SAMOA";2012;800055755,963481
"SAN MARINO";2012;1800605834,93942
"SAO TOME AND PRINCIPE";2012;264276916,674907
"SAUDI ARABIA";2012;733955847733,333
"SENEGAL";2012;14217000393,9158
"SERBIA";2012;40742313793,1964
"SEYCHELLES";2012;1059498077,99467
"SIERRA LEONE";2012;3801600672,26424
"SINGAPORE";2012;289273892652,046
"SINT MAARTEN (DUTCH PART)";2012;985845058,659218
"SLOVAKIA";2012;93413992955,8972
"SLOVENIA";2012;46258247574,7506
"SOLOMON ISLANDS";2012;975880631,596623
"SOMALIA";2012;1305877862,59542
"SOUTH AFRICA";2012;396343792316,685
"SOUTH SUDAN";2012;10392813559,322
"SPAIN";2012;1335945712662,3
"SRI LANKA";2012;68434431854,755
"ST. VINCENT AND THE GRENADINES";2012;692933333,333333
"STATE OF PALESTINE";2012;11279400000
"SUDAN";2012;61878736935,2661
"SURINAME";2012;4979901212,12121
"SWAZILAND";2012;4868481701,80955
"SWEDEN";2012;543880647757,404
"SWITZERLAND";2012;665054050620,785
"SYRIAN ARAB REPUBLIC";2012;40057284449,002
"TAJIKISTAN";2012;7633036366,03492
"TFYR OF MACEDONIA";2012;9745261300,57788
"THAILAND";2012;397290627728,741
"TIMOR-LESTE";2012;6809102001
"TOGO";2012;3896934102,47642
"TONGA";2012;465656721,731238
"TRINIDAD AND TOBAGO";2012;25694153875,4712
"TUNISIA";2012;45044376785,2016
"TURKEY";2012;788862886963,92
"TURKMENISTAN";2012;35164210526,3158
"TURKS AND CAICOS ISLANDS";2012;715722768
"TUVALU";2012;39875708,119439
"U.R. OF TANZANIA: MAINLAND";2012;38808658076,5596
"UGANDA";2012;24809332774,6807
"UKRAINE";2012;182591746211,418
"UNITED ARAB EMIRATES";2012;373431994554,118
"UNITED KINGDOM";2012;2646002634059,62
"UNITED STATES OF AMERICA";2012;16155254800000
"URUGUAY";2012;51264441627,0834
"UZBEKISTAN";2012;52126529439,0401
"VANUATU";2012;781702874,106058
"VENEZUELA (BOLIVARIAN REPUBLIC OF)";2012;381285990721,097
"VIET NAM";2012;155820001920,492
"YEMEN";2012;32074766834,7453
"ZAMBIA";2012;25503294941,1906
"ZANZIBAR";2012;988776178,996308
"ZIMBABWE";2012;1,2393e+10
"AFGHANISTAN";2013;21610365220,5318
"ALBANIA";2013;12781032866,5242
"ALGERIA";2013;209783498218,435
"ANDORRA";2013;3281763084,84708
"ANGOLA";2013;136709891897,328
"ANGUILLA";2013;281992592,592593
"ANTIGUA AND BARBUDA";2013;1195885117,40741
"ARGENTINA";2013;615684614838,151
"ARMENIA";2013;11121464429,703
"ARUBA";2013;2581564245,81006
"AUSTRALIA";2013;1529747126106,93
"AUSTRIA";2013;428248420485,175
"AZERBAIJAN";2013;74160553008,7311
"BAHAMAS";2013;8521997508
"BAHRAIN";2013;32539557497,3404
"BANGLADESH";2013;153504934846,809
"BARBADOS";2013;4371200000
"BELARUS";2013;73097615695,4027
"BELGIUM";2013;520091913424,264
"BELIZE";2013;1624294261
"BENIN";2013;9110745402,86213
"BERMUDA";2013;5639719000
"BHUTAN";2013;1798331398,06925
"BOLIVIA (PLURINATIONAL STATE OF)";2013;30659338880,4631
"BOSNIA AND HERZEGOVINA";2013;18154890313,8079
"BOTSWANA";2013;14800811807,725
"BRAZIL";2013;2465786257903,78
"BRITISH VIRGIN ISLANDS";2013;915601000
"BRUNEI DARUSSALAM";2013;18094152875,3198
"BULGARIA";2013;55627617571,8776
"BURKINA FASO";2013;11948211789,6839
"BURUNDI";2013;2451624637,14607
"CABO VERDE";2013;1850952140,47041
"CAMBODIA";2013;15268697063,6146
"CAMEROON";2013;29567502414,3511
"CANADA";2013;1842627034764,61
"CAYMAN ISLANDS";2013;3477989634,14634
"CENTRAL AFRICAN REPUBLIC";2013;1565488523,37294
"CHAD";2013;11894689724,637
"CHILE";2013;277078721641,007
"CHINA";2013;9635025555466,84
"CHINA, HONG KONG SAR";2013;275658844765,343
"CHINA, MACAO SAR";2013;51549109750,1536
"COLOMBIA";2013;380191876348,93
"COMOROS";2013;1185918444,83807
"CONGO";2013;14021616619,9754
"COOK ISLANDS";2013;301539769,999563
"COSTA RICA";2013;49639734709,3603
"CÔTE D'IVOIRE";2013;31264186764,7363
"CROATIA";2013;57770065342,5936
"CUBA";2013;7,7148e+10
"CURAÇAO";2013;3147616183,24022
"CYPRUS";2013;24056269161,5358
"CZECH REPUBLIC";2013;209402444996,104
"D.P.R. OF KOREA";2013;16565034100,7691
"D.R. OF THE CONGO";2013;32671706985,2693
"DENMARK";2013;343584385594,132
"DJIBOUTI";2013;1392699793,49655
"DOMINICA";2013;509259259,259259
"DOMINICAN REPUBLIC";2013;61198258785,1767
"ECUADOR";2013;95129659000
"EGYPT";2013;268367216980,274
"EL SALVADOR";2013;24350927311
"EQUATORIAL GUINEA";2013;21942596102,1695
"ERITREA";2013;3502366233,17073
"ESTONIA";2013;25081152106,0771
"ETHIOPIA";2013;46748968487,9881
"FIJI";2013;4190170568,45485
"FINLAND";2013;269980111642,898
"FRANCE";2013;2808511203185,39
"FRENCH POLYNESIA";2013;5959337278,28979
"GABON";2013;17026960089,0446
"GAMBIA";2013;903792280,941441
"GEORGIA";2013;16140532208,4949
"GERMANY";2013;3752513503278,41
"GHANA";2013;47806292728,4358
"GREECE";2013;239862011450,103
"GREENLAND";2013;2419043094,32119
"GRENADA";2013;848411111,111111
"GUATEMALA";2013;53851059203,2298
"GUINEA";2013;8122899598,90121
"GUINEA-BISSAU";2013;1045789735,32168
"GUYANA";2013;2990006423,96854
"HAITI";2013;8387083661,99895
"HONDURAS";2013;18510876778,9986
"HUNGARY";2013;134680475647,645
"ICELAND";2013;15479232290,7574
"INDIA";2013;1923750678535,86
"INDONESIA";2013;912524136718,018
"IRAN (ISLAMIC REPUBLIC OF)";2013;511620766197,535
"IRAQ";2013;207123560891,938
"IRELAND";2013;239271162515,74
"ISRAEL";2013;293318220309,215
"ITALY";2013;2130491269673,44
"JAMAICA";2013;14276562861,9864
"JAPAN";2013;5155717056270,83
"JORDAN";2013;33593843626,7606
"KAZAKHSTAN";2013;236634603927,583
"KENYA";2013;55100795745,41
"KIRIBATI";2013;187145853,12309
"KOSOVO";2013;7072365481,8035
"KUWAIT";2013;174167845282,674
"KYRGYZSTAN";2013;7335033799,26212
"LAO PEOPLE'S DR";2013;10759607831,2879
"LATVIA";2013;30234077802,6225
"LEBANON";2013;47220563847,4295
"LESOTHO";2013;2218112442,50165
"LIBERIA";2013;1946500000
"LIBYA";2013;76617752364,6396
"LIECHTENSTEIN";2013;6391711429,2295
"LITHUANIA";2013;46464706683,2261
"LUXEMBOURG";2013;61544273929,3321
"MADAGASCAR";2013;10601691031,8732
"MALAWI";2013;5146257988,21183
"MALAYSIA";2013;323276281683,441
"MALDIVES";2013;2795144341,39458
"MALI";2013;13245776665,8277
"MALTA";2013;10185496220,3138
"MARSHALL ISLANDS";2013;190180248
"MAURITANIA";2013;5923201170,6733
"MAURITIUS";2013;11931849920,864
"MEXICO";2013;1258774623378,37
"MICRONESIA (FS OF)";2013;316264000
"MONACO";2013;6553727444,30134
"MONGOLIA";2013;12582122569,6774
"MONTENEGRO";2013;4464502433,27428
"MONTSERRAT";2013;59485185,1851852
"MOROCCO";2013;107235212656,843
"MOZAMBIQUE";2013;16018856301,6875
"MYANMAR";2013;62139526379,5963
"NAMIBIA";2013;12713424720,898
"NAURU";2013;152886327,603053
"NEPAL";2013;18227232463,2698
"NETHERLANDS";2013;866680000367,264
"NEW CALEDONIA";2013;9858013708,87132
"NEW ZEALAND";2013;189541158445,632
"NICARAGUA";2013;10874750872,7398
"NIGER";2013;7667949382,35442
"NIGERIA";2013;514966205475,966
"NORWAY";2013;522746212765,957
"OMAN";2013;78938621586,4759
"PAKISTAN";2013;220203073877,257
"PALAU";2013;218625000
"PANAMA";2013;44856189494
"PAPUA NEW GUINEA";2013;21144481423,5624
"PARAGUAY";2013;28965906725,6925
"PERU";2013;201023056294,34
"PHILIPPINES";2013;271836220872,758
"POLAND";2013;524214789307,993
"PORTUGAL";2013;226073492966,495
"PUERTO RICO";2013;1,0245e+11
"QATAR";2013;198727747252,747
"REPUBLIC OF KOREA";2013;1305604961397,02
"REPUBLIC OF MOLDOVA";2013;7985414896,64733
"ROMANIA";2013;191548065606,611
"RUSSIAN FEDERATION";2013;2230625004655,77
"RWANDA";2013;7522006494,2719
"SAINT KITTS AND NEVIS";2013;788163898,518518
"SAINT LUCIA";2013;1335681481,48148
"SAMOA";2013;804580916,950045
"SAN MARINO";2013;1865014772,24883
"SAO TOME AND PRINCIPE";2013;317532045,697527
"SAUDI ARABIA";2013;744335744400
"SENEGAL";2013;14827523483,7784
"SERBIA";2013;45519677170,5231
"SEYCHELLES";2013;1315612795,51181
"SIERRA LEONE";2013;4920283148,20276
"SINGAPORE";2013;300288499960,042
"SINT MAARTEN (DUTCH PART)";2013;1022919496,64804
"SLOVAKIA";2013;98478349315,3252
"SLOVENIA";2013;47688566993,1107
"SOLOMON ISLANDS";2013;1057005123,87884
"SOMALIA";2013;1398765432,09877
"SOUTH AFRICA";2013;367595253003,733
"SOUTH SUDAN";2013;13693864406,7797
"SPAIN";2013;1361775869855,87
"SRI LANKA";2013;74317788943,4036
"ST. VINCENT AND THE GRENADINES";2013;721207407,407407
"STATE OF PALESTINE";2013;1,2476e+10
"SUDAN";2013;63911665939,3539
"SURINAME";2013;5145655151,51515
"SWAZILAND";2013;4610983547,81355
"SWEDEN";2013;578742001487,571
"SWITZERLAND";2013;684835034384,327
"SYRIAN ARAB REPUBLIC";2013;31685005913,5264
"TAJIKISTAN";2013;8506195470,41497
"TFYR OF MACEDONIA";2013;10817698846,3174
"THAILAND";2013;419888823676,824
"TIMOR-LESTE";2013;5641076566
"TOGO";2013;4179539478,73012
"TONGA";2013;439248033,84858
"TRINIDAD AND TOBAGO";2013;26444358271,2106
"TUNISIA";2013;46256841169,0664
"TURKEY";2013;823256320309,8
"TURKMENISTAN";2013;39197543859,6491
"TURKS AND CAICOS ISLANDS";2013;736376345
"TUVALU";2013;38320753,5323984
"U.R. OF TANZANIA: MAINLAND";2013;44333455762,6907
"UGANDA";2013;26137511040,9701
"UKRAINE";2013;190498811460,028
"UNITED ARAB EMIRATES";2013;388598434670,66
"UNITED KINGDOM";2013;2719509472492,7
"UNITED STATES OF AMERICA";2013;1,6691517e+13
"URUGUAY";2013;57531208195,32
"UZBEKISTAN";2013;57157151435,0907
"VANUATU";2013;801787555,861121
"VENEZUELA (BOLIVARIAN REPUBLIC OF)";2013;371338321701,63
"VIET NAM";2013;171222025390,026
"YEMEN";2013;34714035087,7193
"ZAMBIA";2013;28045580084,1378
"ZANZIBAR";2013;1155903106,39984
"ZIMBABWE";2013;1,349e+10
"AFGHANISTAN";2014;21123486862,1687
"ALBANIA";2014;13277963576,5546
"ALGERIA";2014;213983063001,72
"ANDORRA";2014;3350599726,10202
"ANGOLA";2014;145712177592,815
"ANGUILLA";2014;311344444,444444
"ANTIGUA AND BARBUDA";2014;1274330316,2963
"ARGENTINA";2014;570722906151,64
"ARMENIA";2014;11609513241,0754
"ARUBA";2014;2649720670,39106
"AUSTRALIA";2014;1451275709611,66
"AUSTRIA";2014;438376178526,317
"AZERBAIJAN";2014;75239737488,8044
"BAHAMAS";2014;8617738129
"BAHRAIN";2014;33387686170,2128
"BANGLADESH";2014;173061569701,477
"BARBADOS";2014;4352750000
"BELARUS";2014;76103965604,8049
"BELGIUM";2014;531761517044,614
"BELIZE";2014;1717861729,5
"BENIN";2014;9575264608,33652
"BERMUDA";2014;5651290000
"BHUTAN";2014;1958818570,19879
"BOLIVIA (PLURINATIONAL STATE OF)";2014;32996188012,5904
"BOSNIA AND HERZEGOVINA";2014;18521862648,1951
"BOTSWANA";2014;15871741058,2567
"BRAZIL";2014;2417095244610,29
"BRITISH VIRGIN ISLANDS";2014;902386167
"BRUNEI DARUSSALAM";2014;17122322810,2984
"BULGARIA";2014;56717695899,4247
"BURKINA FASO";2014;12596195231,3208
"BURUNDI";2014;2798494428,30933
"CABO VERDE";2014;1881496600,10344
"CAMBODIA";2014;16702610842,4107
"CAMEROON";2014;32050820688,5257
"CANADA";2014;1792883225804,38
"CAYMAN ISLANDS";2014;3649811463,41463
"CENTRAL AFRICAN REPUBLIC";2014;1755518412,52889
"CHAD";2014;12793374858,8423
"CHILE";2014;258733356495,829
"CHINA";2014;10534526618924,6
"CHINA, HONG KONG SAR";2014;291229137336,242
"CHINA, MACAO SAR";2014;55522829291,9771
"COLOMBIA";2014;378416011426,54
"COMOROS";2014;1226758095,80257
"CONGO";2014;14077122975,6279
"COOK ISLANDS";2014;317562149,15798
"COSTA RICA";2014;49657199645,9815
"CÔTE D'IVOIRE";2014;34163408493,4608
"CROATIA";2014;57080716405,3864
"CUBA";2014;8,0656e+10
"CURAÇAO";2014;3158406032,40223
"CYPRUS";2014;23307262320,903
"CZECH REPUBLIC";2014;207818330723,835
"D.P.R. OF KOREA";2014;17395832618,2711
"D.R. OF THE CONGO";2014;35909377659,5684
"DENMARK";2014;352296969840,949
"DJIBOUTI";2014;1589025859,84573
"DOMINICA";2014;523333333,333333
"DOMINICAN REPUBLIC";2014;63968961566,014
"ECUADOR";2014;102292260000
"EGYPT";2014;296978842783,022
"EL SALVADOR";2014;25054229360
"EQUATORIAL GUINEA";2014;21503639682,4033
"ERITREA";2014;4051783126,43902
"ESTONIA";2014;26214003273,9676
"ETHIOPIA";2014;54325795439,8292
"FIJI";2014;4469692363,5379
"FINLAND";2014;272463347978,069
"FRANCE";2014;2839162443235,14
"FRENCH POLYNESIA";2014;6039315354,49765
"GABON";2014;17412499258,1925
"GAMBIA";2014;849123404,750373
"GEORGIA";2014;16509617501,6047
"GERMANY";2014;3879276587198,91
"GHANA";2014;37418381312,1682
"GREECE";2014;236079772300,324
"GREENLAND";2014;2441226080,03611
"GRENADA";2014;884040740,740741
"GUATEMALA";2014;58722070768,687
"GUINEA";2014;8875976992,90757
"GUINEA-BISSAU";2014;1027013841,42545
"GUYANA";2014;3077087000,25268
"HAITI";2014;8661428819,42891
"HONDURAS";2014;19497202950,0418
"HUNGARY";2014;139294565100,565
"ICELAND";2014;17179622188,3294
"INDIA";2014;2046256624472,79
"INDONESIA";2014;890487074873,93
"IRAN (ISLAMIC REPUBLIC OF)";2014;425326067691,689
"IRAQ";2014;192772248198,971
"IRELAND";2014;256271350218,827
"ISRAEL";2014;308767245987,549
"ITALY";2014;2149814265578,42
"JAMAICA";2014;13897556020,4329
"JAPAN";2014;4848733415523,53
"JORDAN";2014;35826901408,4507
"KAZAKHSTAN";2014;221415614007,347
"KENYA";2014;61395437779,9232
"KIRIBATI";2014;186073110,888541
"KOSOVO";2014;7386582142,38042
"KUWAIT";2014;162656053926,506
"KYRGYZSTAN";2014;7468102369,13654
"LAO PEOPLE'S DR";2014;11853207873,9279
"LATVIA";2014;31321372275,2179
"LEBANON";2014;48688236461,7174
"LESOTHO";2014;2181309436,19861
"LIBERIA";2014;2,013e+09
"LIBYA";2014;48094385375,5276
"LIECHTENSTEIN";2014;6663857469,90261
"LITHUANIA";2014;48586133907,6141
"LUXEMBOURG";2014;65371826568,4499
"MADAGASCAR";2014;10673516820,0182
"MALAWI";2014;5965462477,35979
"MALAYSIA";2014;338073148782,731
"MALDIVES";2014;3094175282,31827
"MALI";2014;14388385464,2769
"MALTA";2014;10737123492,1978
"MARSHALL ISLANDS";2014;186716626
"MAURITANIA";2014;5694244117,98651
"MAURITIUS";2014;12612952614,629
"MEXICO";2014;1294694582262,86
"MICRONESIA (FS OF)";2014;318056000
"MONACO";2014;7059948255,75904
"MONGOLIA";2014;12226514658,489
"MONTENEGRO";2014;4587744444,46796
"MONTSERRAT";2014;58985185,1851852
"MOROCCO";2014;110008560719,598
"MOZAMBIQUE";2014;16961133699,3601
"MYANMAR";2014;66299968950,7156
"NAMIBIA";2014;12854015769,3074
"NAURU";2014;181710649,978454
"NEPAL";2014;19737999883,2791
"NETHERLANDS";2014;879635084124,987
"NEW CALEDONIA";2014;10235718689,6034
"NEW ZEALAND";2014;198733512153,306
"NICARAGUA";2014;11790221589,7058
"NIGER";2014;8245312922,63249
"NIGERIA";2014;568498788189,984
"NORWAY";2014;498339751388,521
"OMAN";2014;81034330299,0897
"PAKISTAN";2014;247952888972,626
"PALAU";2014;2,34e+08
"PANAMA";2014;49165773079
"PAPUA NEW GUINEA";2014;22207216228,668
"PARAGUAY";2014;30881167083,0093
"PERU";2014;202490687743,987
"PHILIPPINES";2014;284834492475,453
"POLAND";2014;545151778520,387
"PORTUGAL";2014;229629822121,601
"PUERTO RICO";2014;102088600000
"QATAR";2014;206224725274,725
"REPUBLIC OF KOREA";2014;1411333881522,98
"REPUBLIC OF MOLDOVA";2014;7983223921,15295
"ROMANIA";2014;199325923548,337
"RUSSIAN FEDERATION";2014;2030972934892,28
"RWANDA";2014;7903362001,78555
"SAINT KITTS AND NEVIS";2014;847778192,962963
"SAINT LUCIA";2014;1404729258,88889
"SAMOA";2014;824151176,110668
"SAN MARINO";2014;1844843167,80801
"SAO TOME AND PRINCIPE";2014;366756156,129463
"SAUDI ARABIA";2014;753831638685,067
"SENEGAL";2014;15309331691,1124
"SERBIA";2014;44210802178,2138
"SEYCHELLES";2014;1349250262,414
"SIERRA LEONE";2014;5015401777,62188
"SINGAPORE";2014;306356734146,245
"SINT MAARTEN (DUTCH PART)";2014;1058683110,61453
"SLOVAKIA";2014;100760596988,198
"SLOVENIA";2014;49530147015,8794
"SOLOMON ISLANDS";2014;1100860403,91187
"SOMALIA";2014;1564858633,87494
"SOUTH AFRICA";2014;351306353611,156
"SOUTH SUDAN";2014;16061423728,8136
"SPAIN";2014;1375856057716,82
"SRI LANKA";2014;80025306862,1744
"ST. VINCENT AND THE GRENADINES";2014;727912822,222222
"STATE OF PALESTINE";2014;12715600000
"SUDAN";2014;69349633776,5098
"SURINAME";2014;5240733636,36364
"SWAZILAND";2014;4492571225,17038
"SWEDEN";2014;573817719109,402
"SWITZERLAND";2014;702705544908,583
"SYRIAN ARAB REPUBLIC";2014;34095539038,1405
"TAJIKISTAN";2014;9236655032,50588
"TFYR OF MACEDONIA";2014;11362265293,5581
"THAILAND";2014;404319839490,146
"TIMOR-LESTE";2014;4174701786
"TOGO";2014;4575764717,80581
"TONGA";2014;435191386,32418
"TRINIDAD AND TOBAGO";2014;27267018432,1746
"TUNISIA";2014;47603957252,1242
"TURKEY";2014;798413757862,027
"TURKMENISTAN";2014;43485614035,0877
"TURKS AND CAICOS ISLANDS";2014;796759107
"TUVALU";2014;37553720,4716898
"U.R. OF TANZANIA: MAINLAND";2014;48197218056,9438
"UGANDA";2014;28320523277,2402
"UKRAINE";2014;133503867181,971
"UNITED ARAB EMIRATES";2014;401957987832,811
"UNITED KINGDOM";2014;2998833559195,71
"UNITED STATES OF AMERICA";2014;1,7393103e+13
"URUGUAY";2014;57235942015,893
"UZBEKISTAN";2014;63029684683,8518
"VANUATU";2014;814933983,482993
"VENEZUELA (BOLIVARIAN REPUBLIC OF)";2014;363266237609,741
"VIET NAM";2014;186204652922,262
"YEMEN";2014;34010572851,2262
"ZAMBIA";2014;27134904864,7263
"ZANZIBAR";2014;1291087148,22102
"ZIMBABWE";2014;1,4197e+10
"AFGHANISTAN";2015;20270058983,4191
"ALBANIA";2015;11541047832,825
"ALGERIA";2015;164779413210,591
"ANDORRA";2015;2811617371,81135
"ANGOLA";2015;117955235783,302
"ANGUILLA";2015;319748148,148148
"ANTIGUA AND BARBUDA";2015;1355645897,77778
"ARGENTINA";2015;632343383275,009
"ARMENIA";2015;10529182353,4672
"ARUBA";2015;2701675977,65363
"AUSTRALIA";2015;1230859428704,87
"AUSTRIA";2015;376967406147,987
"AZERBAIJAN";2015;53049013654,3078
"BAHAMAS";2015;8853519136
"BAHRAIN";2015;31125851063,8298
"BANGLADESH";2015;194465981064,676
"BARBADOS";2015;4385265804
"BELARUS";2015;54608960260,2372
"BELGIUM";2015;455106661672,883
"BELIZE";2015;1720759582,5
"BENIN";2015;8476125073,09213
"BERMUDA";2015;5853174268
"BHUTAN";2015;2074292034,48651
"BOLIVIA (PLURINATIONAL STATE OF)";2015;32997701729,9566
"BOSNIA AND HERZEGOVINA";2015;16251247943,0324
"BOTSWANA";2015;14390806910,9196
"BRAZIL";2015;1772591279860,08
"BRITISH VIRGIN ISLANDS";2015;907861436
"BRUNEI DARUSSALAM";2015;12929518857,7747
"BULGARIA";2015;48952959079,5738
"BURKINA FASO";2015;11064909082,8287
"BURUNDI";2015;2734534176,45904
"CABO VERDE";2015;1603239240,22356
"CAMBODIA";2015;18049954289,43
"CAMEROON";2015;28415973021,9122
"CANADA";2015;1552807652015,37
"CAYMAN ISLANDS";2015;3725866941,46341
"CENTRAL AFRICAN REPUBLIC";2015;1632715188,46236
"CHAD";2015;10009408892,9302
"CHILE";2015;240796394225,166
"CHINA";2015;11158456654222,2
"CHINA, HONG KONG SAR";2015;309236494985,003
"CHINA, MACAO SAR";2015;46177811881,2423
"COLOMBIA";2015;292080160448,299
"COMOROS";2015;1079305739,18801
"CONGO";2015;8492634421,51184
"COOK ISLANDS";2015;294134747,119022
"COSTA RICA";2015;52958365928,5367
"CÔTE D'IVOIRE";2015;32075941833,3904
"CROATIA";2015;48676307169,9762
"CUBA";2015;87205671392,8274
"CURAÇAO";2015;3151910754,7486
"CYPRUS";2015;19560832587,8503
"CZECH REPUBLIC";2015;185156359571,116
"D.P.R. OF KOREA";2015;16282601357,204
"D.R. OF THE CONGO";2015;37569184657,0561
"DENMARK";2015;301307828843,613
"DJIBOUTI";2015;1736934503,71371
"DOMINICA";2015;512474134,444444
"DOMINICAN REPUBLIC";2015;67103267306,4515
"ECUADOR";2015;100176808000
"EGYPT";2015;315917096357,228
"EL SALVADOR";2015;25850211834
"EQUATORIAL GUINEA";2015;13811729849,2005
"ERITREA";2015;4782773049,53333
"ESTONIA";2015;22460487680,5484
"ETHIOPIA";2015;59916736361,3834
"FIJI";2015;4391064804,05495
"FINLAND";2015;231960207681,282
"FRANCE";2015;2418945624440,79
"FRENCH POLYNESIA";2015;5135288014,76132
"GABON";2015;13734558945,2194
"GAMBIA";2015;942031259,878995
"GEORGIA";2015;13965088122,0324
"GERMANY";2015;3363599907529,78
"GHANA";2015;37156082665,8406
"GREECE";2015;194860187692,451
"GREENLAND";2015;2077570353,37941
"GRENADA";2015;954354226,296296
"GUATEMALA";2015;63794223766,3484
"GUINEA";2015;8874851110,7258
"GUINEA-BISSAU";2015;977566859,873836
"GUYANA";2015;3282208232,44552
"HAITI";2015;8501170922,0186
"HONDURAS";2015;20364833359,1195
"HUNGARY";2015;121715203207,647
"ICELAND";2015;16779598787,1617
"INDIA";2015;2116239205776,71
"INDONESIA";2015;861933966390,162
"IRAN (ISLAMIC REPUBLIC OF)";2015;398562587439,738
"IRAQ";2015;164233973557,967
"IRELAND";2015;283716012908,41
"ISRAEL";2015;299413132026,929
"ITALY";2015;1821579868523,99
"JAMAICA";2015;14262192426,1802
"JAPAN";2015;4383076298081,86
"JORDAN";2015;37517464788,7324
"KAZAKHSTAN";2015;181753739335,674
"KENYA";2015;63398522281,4385
"KIRIBATI";2015;162211480,385836
"KOSOVO";2015;6440360765,03868
"KUWAIT";2015;114054135846,816
"KYRGYZSTAN";2015;6571853005,62893
"LAO PEOPLE'S DR";2015;12585196993,8697
"LATVIA";2015;27004061442,1209
"LEBANON";2015;50148883555,5688
"LESOTHO";2015;2008194272,04716
"LIBERIA";2015;2,053e+09
"LIBYA";2015;34457124311,3325
"LIECHTENSTEIN";2015;6361197104,36891
"LITHUANIA";2015;41402022148,2053
"LUXEMBOURG";2015;56802211455,6171
"MADAGASCAR";2015;9738652211,51319
"MALAWI";2015;6419805182,12423
"MALAYSIA";2015;296284450664,189
"MALDIVES";2015;3435268559,6272
"MALI";2015;13100263530,9044
"MALTA";2015;9746922477,21089
"MARSHALL ISLANDS";2015;182962668
"MAURITANIA";2015;5023441190,05456
"MAURITIUS";2015;11510952257,3431
"MEXICO";2015;1140724180141,67
"MICRONESIA (FS OF)";2015;314971000
"MONACO";2015;6258463831,74423
"MONGOLIA";2015;11757941107,5466
"MONTENEGRO";2015;4020072060,72897
"MONTSERRAT";2015;59211111,1111111
"MOROCCO";2015;100359050133,131
"MOZAMBIQUE";2015;14806209918,458
"MYANMAR";2015;62600640734,7494
"NAMIBIA";2015;11491479539,5944
"NAURU";2015;188792356,97849
"NEPAL";2015;20658358688,964
"NETHERLANDS";2015;750318056805,557
"NEW CALEDONIA";2015;8936979533,92399
"NEW ZEALAND";2015;173416551892,467
"NICARAGUA";2015;12692541260,2782
"NIGER";2015;7142951251,82857
"NIGERIA";2015;494582603948,976
"NORWAY";2015;386578443732,562
"OMAN";2015;69831729518,8557
"PAKISTAN";2015;266458266877,064
"PALAU";2015;258100000
"PANAMA";2015;52132289747
"PAPUA NEW GUINEA";2015;21315456866,663
"PARAGUAY";2015;27714116266,4699
"PERU";2015;190427875681,528
"PHILIPPINES";2015;292449113913,839
"POLAND";2015;477066454436,928
"PORTUGAL";2015;199121686400,35
"PUERTO RICO";2015;1,02906e+11
"QATAR";2015;164641483516,484
"REPUBLIC OF KOREA";2015;1377873196261,35
"REPUBLIC OF MOLDOVA";2015;6475070235,83163
"ROMANIA";2015;177955970708,163
"RUSSIAN FEDERATION";2015;1326016015642,27
"RWANDA";2015;8095979913,83096
"SAINT KITTS AND NEVIS";2015;876478560,37037
"SAINT LUCIA";2015;1450276746,2963
"SAMOA";2015;774071195,394276
"SAN MARINO";2015;1564901974,05853
"SAO TOME AND PRINCIPE";2015;333629463,817216
"SAUDI ARABIA";2015;653219286945,333
"SENEGAL";2015;13632553286,8482
"SERBIA";2015;37160323927,3817
"SEYCHELLES";2015;1363440070,45255
"SIERRA LEONE";2015;4483398789,18263
"SINGAPORE";2015;292733911588,748
"SINT MAARTEN (DUTCH PART)";2015;1094223845,81006
"SLOVAKIA";2015;87267593788,1986
"SLOVENIA";2015;42776716631,0769
"SOLOMON ISLANDS";2015;1074762993,25658
"SOMALIA";2015;1559229099,91547
"SOUTH AFRICA";2015;314571181421,018
"SOUTH SUDAN";2015;13167130958,9555
"SPAIN";2015;1192955480686,43
"SRI LANKA";2015;82316164630,5246
"ST. VINCENT AND THE GRENADINES";2015;737683545,925926
"STATE OF PALESTINE";2015;12677400000
"SUDAN";2015;79545817007,9967
"SURINAME";2015;4878813951,21951
"SWAZILAND";2015;4133354384,71998
"SWEDEN";2015;495694356611,551
"SWITZERLAND";2015;670789928809,882
"SYRIAN ARAB REPUBLIC";2015;28392766694,6564
"TAJIKISTAN";2015;7853429136,23248
"TFYR OF MACEDONIA";2015;10051663685,9251
"THAILAND";2015;395168044213,419
"TIMOR-LESTE";2015;2873488402
"TOGO";2015;4085972926,5149
"TONGA";2015;401798728,801413
"TRINIDAD AND TOBAGO";2015;25927220588,7971
"TUNISIA";2015;41198520679,5387
"TURKEY";2015;717887918352,744
"TURKMENISTAN";2015;37597007037,5126
"TURKS AND CAICOS ISLANDS";2015;862657230
"TUVALU";2015;33341264,8651989
"U.R. OF TANZANIA: MAINLAND";2015;45628248022,5427
"UGANDA";2015;25281885845,2018
"UKRAINE";2015;90615032587,9307
"UNITED ARAB EMIRATES";2015;370296334391,287
"UNITED KINGDOM";2015;2858003087965,69
"UNITED STATES OF AMERICA";2015;1,8036648e+13
"URUGUAY";2015;53442380446,4632
"UZBEKISTAN";2015;69004097805,4117
"VANUATU";2015;736530342,465227
"VENEZUELA (BOLIVARIAN REPUBLIC OF)";2015;344331393719,093
"VIET NAM";2015;193241122948,634
"YEMEN";2015;29687584374,3078
"ZAMBIA";2015;21255231420,881
"ZANZIBAR";2015;1159159975,73457
"ZIMBABWE";2015;13893026130
